,Title,Streaming On,Price
0,The Shawshank Redemption,YouTube,3.99
1,The Shawshank Redemption,iTunes,3.99
2,The Shawshank Redemption,Google Play Movies & TV,3.99
3,The Shawshank Redemption,Vudu,3.99
4,The Shawshank Redemption,Amazon Prime Video,3.99
5,The Shawshank Redemption,Philo,Subscription
6,The Godfather,YouTube,2.99
7,The Godfather,Google Play Movies & TV,2.99
8,The Godfather,Vudu,2.99
9,The Godfather,Amazon Prime Video,2.99
10,The Godfather: Part Ii,YouTube,2.99
11,The Godfather: Part Ii,Google Play Movies & TV,2.99
12,The Godfather: Part Ii,Vudu,2.99
13,The Godfather: Part Ii,Amazon Prime Video,2.99
14,The Dark Knight,YouTube,3.99
15,The Dark Knight,Google Play Movies & TV,3.99
16,The Dark Knight,iTunes,3.99
17,The Dark Knight,Vudu,3.99
18,The Dark Knight,Amazon Prime Video,3.99
19,The Dark Knight,Hulu,Subscription
20,12 Angry Men,Amazon Prime Video,2.99
21,12 Angry Men,YouTube,3.99
22,12 Angry Men,Google Play Movies & TV,3.99
23,12 Angry Men,iTunes,3.99
24,12 Angry Men,Vudu,3.99
25,Schindler'S List,YouTube,3.99
26,Schindler'S List,Google Play Movies & TV,3.99
27,Schindler'S List,Vudu,3.99
28,Schindler'S List,iTunes,3.99
29,Schindler'S List,Amazon Prime Video,3.99
30,Schindler'S List,Hulu,Subscription
31,The Lord Of The Rings: The Return Of The King,YouTube,3.99
32,The Lord Of The Rings: The Return Of The King,iTunes,3.99
33,The Lord Of The Rings: The Return Of The King,Google Play Movies & TV,3.99
34,The Lord Of The Rings: The Return Of The King,Vudu,3.99
35,The Lord Of The Rings: The Return Of The King,Amazon Prime Video,3.99
36,Pulp Fiction,YouTube,3.99
37,Pulp Fiction,Google Play Movies & TV,3.99
38,Pulp Fiction,iTunes,3.99
39,Pulp Fiction,Vudu,3.99
40,Pulp Fiction,Amazon Prime Video,3.99
41,Pulp Fiction,Hulu,Subscription
42,"The Good, The Bad And The Ugly",Amazon Prime Video,0.99
43,"The Good, The Bad And The Ugly",YouTube,3.99
44,"The Good, The Bad And The Ugly",iTunes,3.99
45,"The Good, The Bad And The Ugly",Google Play Movies & TV,3.99
46,"The Good, The Bad And The Ugly",Vudu,3.99
47,"The Good, The Bad And The Ugly",Netflix,Subscription
48,The Lord Of The Rings: The Fellowship Of The Ring,Vudu,2.99
49,The Lord Of The Rings: The Fellowship Of The Ring,Amazon Prime Video,2.99
50,The Lord Of The Rings: The Fellowship Of The Ring,YouTube,3.99
51,The Lord Of The Rings: The Fellowship Of The Ring,iTunes,3.99
52,Fight Club,YouTube,3.99
53,Fight Club,Google Play Movies & TV,3.99
54,Fight Club,Vudu,3.99
55,Fight Club,Amazon Prime Video,3.99
56,Fight Club,Hulu,Subscription
57,Fight Club,HBO Now,Subscription
58,Forrest Gump,YouTube,2.99
59,Forrest Gump,Google Play Movies & TV,2.99
60,Forrest Gump,Vudu,2.99
61,Forrest Gump,Amazon Prime Video,2.99
62,Forrest Gump,iTunes,3.99
63,Forrest Gump,Hulu,Subscription
64,Inception,YouTube,3.99
65,Inception,Google Play Movies & TV,3.99
66,Inception,iTunes,3.99
67,Inception,Vudu,3.99
68,Inception,Amazon Prime Video,3.99
69,Inception,Netflix,Subscription
70,Star Wars: Episode V - The Empire Strikes Back,YouTube,19.99
71,Star Wars: Episode V - The Empire Strikes Back,Google Play Movies & TV,19.99
72,Star Wars: Episode V - The Empire Strikes Back,iTunes,19.99
73,Star Wars: Episode V - The Empire Strikes Back,Vudu,19.99
74,Star Wars: Episode V - The Empire Strikes Back,Amazon Prime Video,19.99
75,Star Wars: Episode V - The Empire Strikes Back,Hulu,Subscription
76,The Lord Of The Rings: The Two Towers,iTunes,3.99
77,The Lord Of The Rings: The Two Towers,Google Play Movies & TV,3.99
78,The Lord Of The Rings: The Two Towers,Vudu,3.99
79,The Lord Of The Rings: The Two Towers,Amazon Prime Video,3.99
80,The Matrix,YouTube,3.99
81,The Matrix,iTunes,3.99
82,The Matrix,Google Play Movies & TV,3.99
83,The Matrix,Vudu,3.99
84,The Matrix,Amazon Prime Video,3.99
85,The Matrix,Netflix,Subscription
86,Goodfellas,YouTube,3.99
87,Goodfellas,Google Play Movies & TV,3.99
88,Goodfellas,iTunes,3.99
89,Goodfellas,Vudu,3.99
90,Goodfellas,Amazon Prime Video,3.99
91,Goodfellas,Hulu,Subscription
92,One Flew Over The Cuckoo'S Nest,YouTube,3.99
93,One Flew Over The Cuckoo'S Nest,Google Play Movies & TV,3.99
94,One Flew Over The Cuckoo'S Nest,iTunes,3.99
95,One Flew Over The Cuckoo'S Nest,Vudu,3.99
96,One Flew Over The Cuckoo'S Nest,Amazon Prime Video,3.99
97,Seven Samurai,YouTube,2.99
98,Seven Samurai,Google Play Movies & TV,2.99
99,Seven Samurai,Vudu,2.99
100,Seven Samurai,Amazon Prime Video,2.99
101,Seven Samurai,iTunes,3.99
102,Se7En,YouTube,3.99
103,Se7En,iTunes,3.99
104,Se7En,Google Play Movies & TV,3.99
105,Se7En,Vudu,3.99
106,Se7En,Amazon Prime Video,3.99
107,Se7En,Hulu,Subscription
108,Life Is Beautiful,YouTube,3.99
109,Life Is Beautiful,Google Play Movies & TV,3.99
110,Life Is Beautiful,iTunes,3.99
111,Life Is Beautiful,Vudu,3.99
112,Life Is Beautiful,Amazon Prime Video,3.99
113,Life Is Beautiful,Hulu,Subscription
114,City Of God,YouTube,3.99
115,City Of God,Google Play Movies & TV,3.99
116,City Of God,iTunes,3.99
117,City Of God,Vudu,3.99
118,City Of God,Amazon Prime Video,3.99
119,The Silence Of The Lambs,YouTube,3.99
120,The Silence Of The Lambs,Google Play Movies & TV,3.99
121,The Silence Of The Lambs,iTunes,3.99
122,The Silence Of The Lambs,Vudu,3.99
123,The Silence Of The Lambs,Amazon Prime Video,3.99
124,The Silence Of The Lambs,Sling TV,Subscription
125,It'S A Wonderful Life,YouTube,2.99
126,It'S A Wonderful Life,Google Play Movies & TV,2.99
127,It'S A Wonderful Life,Vudu,2.99
128,It'S A Wonderful Life,Amazon Prime Video,2.99
129,It'S A Wonderful Life,iTunes,12.99
130,Star Wars: Episode Iv - A New Hope,YouTube,19.99
131,Star Wars: Episode Iv - A New Hope,iTunes,19.99
132,Star Wars: Episode Iv - A New Hope,Google Play Movies & TV,19.99
133,Star Wars: Episode Iv - A New Hope,Vudu,19.99
134,Star Wars: Episode Iv - A New Hope,Amazon Prime Video,19.99
135,Star Wars: Episode Iv - A New Hope,Hulu,Subscription
136,Parasite,YouTube,3.99
137,Parasite,Google Play Movies & TV,3.99
138,Parasite,Amazon Prime Video,3.99
139,Parasite,Vudu,5.99
140,Parasite,Hulu,Subscription
141,Saving Private Ryan,YouTube,2.99
142,Saving Private Ryan,Google Play Movies & TV,2.99
143,Saving Private Ryan,Vudu,2.99
144,Saving Private Ryan,Amazon Prime Video,2.99
145,Saving Private Ryan,iTunes,3.99
146,Saving Private Ryan,Sling TV,Subscription
147,Spirited Away,YouTube,11.99
148,Spirited Away,Google Play Movies & TV,11.99
149,Spirited Away,Vudu,11.99
150,Spirited Away,Amazon Prime Video,11.99
151,The Green Mile,YouTube,3.99
152,The Green Mile,Google Play Movies & TV,3.99
153,The Green Mile,Vudu,3.99
154,The Green Mile,iTunes,3.99
155,The Green Mile,Amazon Prime Video,3.99
156,The Green Mile,Hulu,Subscription
157,Interstellar,YouTube,2.99
158,Interstellar,Google Play Movies & TV,2.99
159,Interstellar,Vudu,2.99
160,Interstellar,Amazon Prime Video,2.99
161,Interstellar,iTunes,3.99
162,Interstellar,Hulu,Subscription
163,Léon: The Professional,Vudu,2.99
164,Léon: The Professional,Amazon Prime Video,2.99
165,Léon: The Professional,YouTube,9.99
166,Léon: The Professional,Google Play Movies & TV,9.99
167,The Usual Suspects,YouTube,Free
168,The Usual Suspects,Tubi,Free
169,The Usual Suspects,Google Play Movies & TV,3.99
170,The Usual Suspects,iTunes,3.99
171,The Usual Suspects,Vudu,3.99
172,The Usual Suspects,Amazon Prime Video,3.99
173,Harakiri,iTunes,3.99
174,Harakiri,Amazon Prime Video,3.99
175,The Lion King,YouTube,14.99
176,The Lion King,Google Play Movies & TV,14.99
177,The Lion King,iTunes,14.99
178,The Lion King,Vudu,14.99
179,The Lion King,Amazon Prime Video,14.99
180,The Lion King,Disney+,Subscription
181,American History X,YouTube,3.99
182,American History X,Google Play Movies & TV,3.99
183,American History X,iTunes,3.99
184,American History X,Vudu,3.99
185,American History X,Amazon Prime Video,3.99
186,American History X,Hulu,Subscription
187,The Pianist,YouTube,3.99
188,The Pianist,Google Play Movies & TV,3.99
189,The Pianist,iTunes,3.99
190,The Pianist,Vudu,3.99
191,The Pianist,Amazon Prime Video,3.99
192,The Pianist,Netflix,Subscription
193,Terminator 2: Judgment Day,YouTube,2.99
194,Terminator 2: Judgment Day,Google Play Movies & TV,2.99
195,Terminator 2: Judgment Day,Vudu,2.99
196,Terminator 2: Judgment Day,Amazon Prime Video,2.99
197,Terminator 2: Judgment Day,iTunes,3.99
198,Back To The Future,YouTube,3.99
199,Back To The Future,Google Play Movies & TV,3.99
200,Back To The Future,iTunes,3.99
201,Back To The Future,Vudu,3.99
202,Back To The Future,Amazon Prime Video,3.99
203,Back To The Future,Netflix,Subscription
204,Modern Times,Amazon Prime Video,3.99
205,Psycho,YouTube,3.99
206,Psycho,Google Play Movies & TV,3.99
207,Psycho,iTunes,3.99
208,Psycho,Vudu,3.99
209,Psycho,Amazon Prime Video,3.99
210,Psycho,Philo,Subscription
211,Gladiator,YouTube,2.99
212,Gladiator,Google Play Movies & TV,2.99
213,Gladiator,Vudu,2.99
214,Gladiator,Amazon Prime Video,2.99
215,Gladiator,iTunes,3.99
216,City Lights,YouTube,2.99
217,City Lights,Google Play Movies & TV,2.99
218,City Lights,Vudu,2.99
219,City Lights,Amazon Prime Video,2.99
220,The Departed,YouTube,3.99
221,The Departed,Google Play Movies & TV,3.99
222,The Departed,Vudu,3.99
223,The Departed,iTunes,3.99
224,The Departed,Amazon Prime Video,3.99
225,The Intouchables,Tubi,Free
226,The Intouchables,Vudu,Free
227,The Intouchables,iTunes,3.99
228,Whiplash,Vudu,2.99
229,Whiplash,YouTube,3.99
230,Whiplash,iTunes,3.99
231,Whiplash,Google Play Movies & TV,3.99
232,The Prestige,YouTube,2.99
233,The Prestige,Google Play Movies & TV,2.99
234,The Prestige,iTunes,2.99
235,The Prestige,Amazon Prime Video,2.99
236,The Prestige,Vudu,3.99
237,The Prestige,Hulu,Subscription
238,Once Upon A Time In The West,Crackle,Free
239,Once Upon A Time In The West,YouTube,2.99
240,Once Upon A Time In The West,Google Play Movies & TV,2.99
241,Once Upon A Time In The West,Vudu,2.99
242,Once Upon A Time In The West,Amazon Prime Video,2.99
243,Once Upon A Time In The West,iTunes,3.99
244,Grave Of The Fireflies,Vudu,2.99
245,Grave Of The Fireflies,iTunes,3.99
246,Grave Of The Fireflies,Hulu,Subscription
247,Casablanca,YouTube,3.99
248,Casablanca,iTunes,3.99
249,Casablanca,Google Play Movies & TV,3.99
250,Casablanca,Vudu,3.99
251,Casablanca,Amazon Prime Video,3.99
252,Cinema Paradiso,YouTube,3.99
253,Cinema Paradiso,iTunes,3.99
254,Cinema Paradiso,Google Play Movies & TV,3.99
255,Cinema Paradiso,Hulu,Subscription
256,Cinema Paradiso,HBO Now,Subscription
257,Cinema Paradiso,Amazon Prime Video,Subscription
258,Rear Window,YouTube,3.99
259,Rear Window,Google Play Movies & TV,3.99
260,Rear Window,iTunes,3.99
261,Rear Window,Vudu,3.99
262,Rear Window,Amazon Prime Video,3.99
263,Rear Window,Philo,Subscription
264,Joker,YouTube,2.99
265,Joker,Google Play Movies & TV,2.99
266,Joker,Amazon Prime Video,2.99
267,Joker,Vudu,5.99
268,Alien,YouTube,3.99
269,Alien,iTunes,3.99
270,Alien,Google Play Movies & TV,3.99
271,Alien,Vudu,3.99
272,Alien,Amazon Prime Video,3.99
273,Alien,Hulu,Subscription
274,Apocalypse Now,YouTube,3.99
275,Apocalypse Now,iTunes,3.99
276,Apocalypse Now,Vudu,3.99
277,Apocalypse Now,Google Play Movies & TV,3.99
278,Apocalypse Now,Hulu,Subscription
279,Apocalypse Now,HBO Now,Subscription
280,Memento,Tubi,Free
281,Memento,YouTube,2.99
282,Memento,Google Play Movies & TV,2.99
283,Memento,Vudu,2.99
284,Memento,Amazon Prime Video,2.99
285,Raiders Of The Lost Ark,YouTube,2.99
286,Raiders Of The Lost Ark,Google Play Movies & TV,2.99
287,Raiders Of The Lost Ark,Vudu,2.99
288,Raiders Of The Lost Ark,Amazon Prime Video,2.99
289,Raiders Of The Lost Ark,iTunes,3.99
290,Raiders Of The Lost Ark,Netflix,Subscription
291,The Great Dictator,Amazon Prime Video,3.99
292,The Lives Of Others,Vudu,2.99
293,The Lives Of Others,Amazon Prime Video,2.99
294,The Lives Of Others,YouTube,3.99
295,The Lives Of Others,iTunes,3.99
296,The Lives Of Others,Google Play Movies & TV,3.99
297,Django Unchained,YouTube,3.99
298,Django Unchained,Google Play Movies & TV,3.99
299,Django Unchained,Vudu,3.99
300,Django Unchained,iTunes,3.99
301,Django Unchained,Amazon Prime Video,3.99
302,Django Unchained,Netflix,Subscription
303,Paths Of Glory,Amazon Prime Video,0.99
304,Paths Of Glory,YouTube,3.99
305,Paths Of Glory,iTunes,3.99
306,Paths Of Glory,Google Play Movies & TV,3.99
307,Paths Of Glory,Vudu,3.99
308,The Shining,YouTube,3.99
309,The Shining,Google Play Movies & TV,3.99
310,The Shining,Vudu,3.99
311,The Shining,iTunes,3.99
312,The Shining,Amazon Prime Video,3.99
313,Avengers: Infinity War,Google Play Movies & TV,2.99
314,Avengers: Infinity War,YouTube,2.99
315,Avengers: Infinity War,Amazon Prime Video,2.99
316,Avengers: Infinity War,Vudu,3.99
317,Avengers: Infinity War,Netflix,Subscription
318,Wall·E,YouTube,2.99
319,Wall·E,Google Play Movies & TV,2.99
320,Wall·E,Amazon Prime Video,2.99
321,Wall·E,Vudu,3.99
322,Wall·E,Disney+,Subscription
323,Sunset Blvd,Crackle,Free
324,Sunset Blvd,YouTube,2.99
325,Sunset Blvd,Google Play Movies & TV,2.99
326,Sunset Blvd,Vudu,2.99
327,Sunset Blvd,Amazon Prime Video,2.99
328,Sunset Blvd,iTunes,3.99
329,Spider-Man: Into The Spider-Verse,Amazon Prime Video,2.99
330,Spider-Man: Into The Spider-Verse,YouTube,3.99
331,Spider-Man: Into The Spider-Verse,Google Play Movies & TV,3.99
332,Spider-Man: Into The Spider-Verse,Netflix,Subscription
333,Princess Mononoke,YouTube,11.99
334,Princess Mononoke,Google Play Movies & TV,11.99
335,Princess Mononoke,Vudu,11.99
336,Princess Mononoke,Amazon Prime Video,11.99
337,Dr,Vudu,2.99
338,Dr,Amazon Prime Video,2.99
339,Dr,YouTube,3.99
340,Dr,iTunes,3.99
341,Dr,Google Play Movies & TV,3.99
342,Dr,Netflix,Subscription
343,Oldboy,Vudu,Free
344,Oldboy,Amazon Prime Video,Subscription
345,Witness For The Prosecution,YouTube,3.99
346,Witness For The Prosecution,iTunes,3.99
347,Witness For The Prosecution,Google Play Movies & TV,3.99
348,Witness For The Prosecution,Vudu,3.99
349,Witness For The Prosecution,Amazon Prime Video,3.99
350,Anand,YouTube,2.99
351,Anand,Google Play Movies & TV,2.99
352,Anand,Amazon Prime Video,Subscription
353,Avengers: Endgame,Google Play Movies & TV,2.99
354,Avengers: Endgame,YouTube,2.99
355,Avengers: Endgame,Vudu,3.99
356,Avengers: Endgame,Disney+,Subscription
357,The Dark Knight Rises,YouTube,3.99
358,The Dark Knight Rises,Google Play Movies & TV,3.99
359,The Dark Knight Rises,Vudu,3.99
360,The Dark Knight Rises,iTunes,3.99
361,The Dark Knight Rises,Amazon Prime Video,3.99
362,Once Upon A Time In America,YouTube,3.99
363,Once Upon A Time In America,iTunes,3.99
364,Once Upon A Time In America,Google Play Movies & TV,3.99
365,Once Upon A Time In America,Vudu,3.99
366,Aliens,YouTube,3.99
367,Aliens,Google Play Movies & TV,3.99
368,Aliens,iTunes,3.99
369,Aliens,Vudu,3.99
370,Aliens,Amazon Prime Video,3.99
371,Aliens,HBO Now,Subscription
372,Your Name,Vudu,2.99
373,Your Name,Amazon Prime Video,2.99
374,Your Name,YouTube,3.99
375,Your Name,Google Play Movies & TV,3.99
376,Coco,YouTube,2.99
377,Coco,Google Play Movies & TV,2.99
378,Coco,Amazon Prime Video,2.99
379,Coco,Vudu,3.99
380,Coco,Disney+,Subscription
381,American Beauty,Google Play Movies & TV,2.99
382,American Beauty,YouTube,2.99
383,American Beauty,Vudu,2.99
384,American Beauty,Amazon Prime Video,2.99
385,American Beauty,iTunes,3.99
386,American Beauty,Hulu,Subscription
387,Braveheart,YouTube,2.99
388,Braveheart,Vudu,2.99
389,Braveheart,Google Play Movies & TV,2.99
390,Braveheart,Amazon Prime Video,2.99
391,Braveheart,iTunes,3.99
392,Das Boot,Vudu,2.99
393,Das Boot,Amazon Prime Video,2.99
394,Das Boot,YouTube,3.99
395,Das Boot,iTunes,3.99
396,Das Boot,Google Play Movies & TV,3.99
397,3 Idiots,Sling TV,Free
398,3 Idiots,Netflix,Subscription
399,3 Idiots,Amazon Prime Video,Subscription
400,Toy Story,YouTube,2.99
401,Toy Story,Google Play Movies & TV,2.99
402,Toy Story,iTunes,2.99
403,Toy Story,Amazon Prime Video,2.99
404,Toy Story,Vudu,3.99
405,Toy Story,Disney+,Subscription
406,High And Low,iTunes,3.99
407,High And Low,Amazon Prime Video,3.99
408,1917,YouTube,5.99
409,1917,Vudu,5.99
410,1917,Google Play Movies & TV,5.99
411,1917,Amazon Prime Video,5.99
412,Taare Zameen Par,Netflix,Subscription
413,Taare Zameen Par,Sling TV,Subscription
414,Star Wars: Episode Vi - Return Of The Jedi,YouTube,19.99
415,Star Wars: Episode Vi - Return Of The Jedi,Vudu,19.99
416,Star Wars: Episode Vi - Return Of The Jedi,iTunes,19.99
417,Star Wars: Episode Vi - Return Of The Jedi,Google Play Movies & TV,19.99
418,Star Wars: Episode Vi - Return Of The Jedi,Amazon Prime Video,19.99
419,Star Wars: Episode Vi - Return Of The Jedi,Hulu,Subscription
420,Amadeus,YouTube,3.99
421,Amadeus,iTunes,3.99
422,Amadeus,Google Play Movies & TV,3.99
423,Amadeus,Vudu,3.99
424,Amadeus,Amazon Prime Video,3.99
425,Reservoir Dogs,YouTube,3.99
426,Reservoir Dogs,Google Play Movies & TV,3.99
427,Reservoir Dogs,iTunes,3.99
428,Reservoir Dogs,Vudu,3.99
429,Reservoir Dogs,Amazon Prime Video,3.99
430,Inglourious Basterds,YouTube,3.99
431,Inglourious Basterds,Google Play Movies & TV,3.99
432,Inglourious Basterds,iTunes,3.99
433,Inglourious Basterds,Vudu,3.99
434,Inglourious Basterds,Amazon Prime Video,3.99
435,Inglourious Basterds,Netflix,Subscription
436,Good Will Hunting,YouTube,3.99
437,Good Will Hunting,Google Play Movies & TV,3.99
438,Good Will Hunting,iTunes,3.99
439,Good Will Hunting,Vudu,3.99
440,Good Will Hunting,Amazon Prime Video,3.99
441,Good Will Hunting,Hulu,Subscription
442,2001: A Space Odyssey,YouTube,3.99
443,2001: A Space Odyssey,Google Play Movies & TV,3.99
444,2001: A Space Odyssey,Vudu,3.99
445,2001: A Space Odyssey,iTunes,3.99
446,2001: A Space Odyssey,Amazon Prime Video,3.99
447,Vertigo,YouTube,3.99
448,Vertigo,Google Play Movies & TV,3.99
449,Vertigo,iTunes,3.99
450,Vertigo,Vudu,3.99
451,Vertigo,Amazon Prime Video,3.99
452,Vertigo,Philo,Subscription
453,Requiem For A Dream,YouTube,3.99
454,Requiem For A Dream,Google Play Movies & TV,3.99
455,Requiem For A Dream,iTunes,3.99
456,Requiem For A Dream,Vudu,3.99
457,Requiem For A Dream,Amazon Prime Video,3.99
458,Requiem For A Dream,Hulu,Subscription
459,M,Vudu,2.99
460,M,Amazon Prime Video,2.99
461,M,iTunes,3.99
462,Dangal,Netflix,Subscription
463,Eternal Sunshine Of The Spotless Mind,YouTube,3.99
464,Eternal Sunshine Of The Spotless Mind,Google Play Movies & TV,3.99
465,Eternal Sunshine Of The Spotless Mind,Vudu,3.99
466,Eternal Sunshine Of The Spotless Mind,iTunes,3.99
467,Eternal Sunshine Of The Spotless Mind,Amazon Prime Video,3.99
468,Eternal Sunshine Of The Spotless Mind,Hulu,Subscription
469,Citizen Kane,YouTube,3.99
470,Citizen Kane,iTunes,3.99
471,Citizen Kane,Google Play Movies & TV,3.99
472,Citizen Kane,Vudu,3.99
473,Citizen Kane,Amazon Prime Video,3.99
474,The Hunt,YouTube,19.99
475,The Hunt,Google Play Movies & TV,19.99
476,The Hunt,Amazon Prime Video,19.99
477,Capharnaüm,YouTube,12.99
478,Capharnaüm,Google Play Movies & TV,12.99
479,Capharnaüm,Amazon Prime Video,12.99
480,Capharnaüm,Vudu,13.99
481,Capharnaüm,Hulu,Subscription
482,Capharnaüm,Sling TV,Subscription
483,Full Metal Jacket,YouTube,3.99
484,Full Metal Jacket,Google Play Movies & TV,3.99
485,Full Metal Jacket,Vudu,3.99
486,Full Metal Jacket,Amazon Prime Video,3.99
487,North By Northwest,YouTube,3.99
488,North By Northwest,iTunes,3.99
489,North By Northwest,Google Play Movies & TV,3.99
490,North By Northwest,Vudu,3.99
491,North By Northwest,Amazon Prime Video,3.99
492,A Clockwork Orange,YouTube,1.99
493,A Clockwork Orange,Google Play Movies & TV,1.99
494,A Clockwork Orange,Amazon Prime Video,1.99
495,A Clockwork Orange,iTunes,3.99
496,A Clockwork Orange,Vudu,3.99
497,Bicycle Thieves,YouTube,2.99
498,Bicycle Thieves,Google Play Movies & TV,2.99
499,Bicycle Thieves,Vudu,2.99
500,Bicycle Thieves,Amazon Prime Video,2.99
501,Bicycle Thieves,iTunes,3.99
502,The Kid,Amazon Prime Video,2.99
503,The Kid,YouTube,9.99
504,The Kid,Google Play Movies & TV,9.99
505,The Kid,Hulu,Subscription
506,The Kid,Sling TV,Subscription
507,Snatch,Vudu,2.99
508,Snatch,Amazon Prime Video,2.99
509,Snatch,YouTube,3.99
510,Snatch,iTunes,3.99
511,Snatch,Google Play Movies & TV,3.99
512,Snatch,Hulu,Subscription
513,Singin' In The Rain,YouTube,3.99
514,Singin' In The Rain,Google Play Movies & TV,3.99
515,Singin' In The Rain,iTunes,3.99
516,Singin' In The Rain,Vudu,3.99
517,Singin' In The Rain,Amazon Prime Video,3.99
518,Scarface,YouTube,3.99
519,Scarface,Google Play Movies & TV,3.99
520,Scarface,Vudu,3.99
521,Scarface,iTunes,3.99
522,Scarface,Amazon Prime Video,3.99
523,Scarface,Hulu,Subscription
524,Taxi Driver,Vudu,2.99
525,Taxi Driver,Amazon Prime Video,2.99
526,Taxi Driver,YouTube,3.99
527,Taxi Driver,iTunes,3.99
528,Taxi Driver,Google Play Movies & TV,3.99
529,Taxi Driver,Netflix,Subscription
530,Amélie,iTunes,3.99
531,Amélie,Hulu,Subscription
532,Amélie,Amazon Prime Video,Subscription
533,Lawrence Of Arabia,Vudu,2.99
534,Lawrence Of Arabia,Amazon Prime Video,2.99
535,Lawrence Of Arabia,YouTube,3.99
536,Lawrence Of Arabia,Google Play Movies & TV,3.99
537,Lawrence Of Arabia,iTunes,3.99
538,The Sting,YouTube,3.99
539,The Sting,iTunes,3.99
540,The Sting,Google Play Movies & TV,3.99
541,The Sting,Vudu,3.99
542,The Sting,Amazon Prime Video,3.99
543,Toy Story 3,YouTube,2.99
544,Toy Story 3,iTunes,2.99
545,Toy Story 3,Google Play Movies & TV,2.99
546,Toy Story 3,Amazon Prime Video,2.99
547,Toy Story 3,Vudu,3.99
548,Toy Story 3,Disney+,Subscription
549,Metropolis,YouTube,2.99
550,Metropolis,Google Play Movies & TV,2.99
551,Metropolis,Amazon Prime Video,2.99
552,Metropolis,Hulu,Subscription
553,Metropolis,Sling TV,Subscription
554,Metropolis,fuboTV,Subscription
555,Ikiru,YouTube,2.99
556,Ikiru,Google Play Movies & TV,2.99
557,Ikiru,Vudu,2.99
558,Ikiru,Amazon Prime Video,2.99
559,Ikiru,iTunes,3.99
560,For A Few Dollars More,Amazon Prime Video,0.99
561,For A Few Dollars More,YouTube,3.99
562,For A Few Dollars More,iTunes,3.99
563,For A Few Dollars More,Google Play Movies & TV,3.99
564,For A Few Dollars More,Vudu,3.99
565,For A Few Dollars More,Hulu,Subscription
566,A Separation,Vudu,2.99
567,A Separation,Amazon Prime Video,2.99
568,A Separation,YouTube,3.99
569,A Separation,iTunes,3.99
570,A Separation,Google Play Movies & TV,3.99
571,Double Indemnity,YouTube,3.99
572,Double Indemnity,iTunes,3.99
573,Double Indemnity,Google Play Movies & TV,3.99
574,Double Indemnity,Vudu,3.99
575,Double Indemnity,Amazon Prime Video,3.99
576,The Apartment,Amazon Prime Video,0.99
577,The Apartment,YouTube,3.99
578,The Apartment,iTunes,3.99
579,The Apartment,Google Play Movies & TV,3.99
580,The Apartment,Vudu,3.99
581,Incendies,Vudu,2.99
582,Incendies,Amazon Prime Video,2.99
583,Incendies,YouTube,3.99
584,Incendies,iTunes,3.99
585,Incendies,Google Play Movies & TV,3.99
586,To Kill A Mockingbird,iTunes,3.99
587,To Kill A Mockingbird,Vudu,9.99
588,To Kill A Mockingbird,Amazon Prime Video,Subscription
589,Indiana Jones And The Last Crusade,YouTube,2.99
590,Indiana Jones And The Last Crusade,Google Play Movies & TV,2.99
591,Indiana Jones And The Last Crusade,Vudu,2.99
592,Indiana Jones And The Last Crusade,Amazon Prime Video,2.99
593,Indiana Jones And The Last Crusade,iTunes,3.99
594,Indiana Jones And The Last Crusade,Netflix,Subscription
595,Up,YouTube,2.99
596,Up,Google Play Movies & TV,2.99
597,Up,iTunes,2.99
598,Up,Amazon Prime Video,2.99
599,Up,Vudu,3.99
600,Up,Disney+,Subscription
601,Heat,YouTube,3.99
602,Heat,iTunes,3.99
603,Heat,Google Play Movies & TV,3.99
604,Heat,Vudu,3.99
605,Heat,Amazon Prime Video,3.99
606,Monty Python And The Holy Grail,iTunes,3.99
607,Monty Python And The Holy Grail,Amazon Prime Video,3.99
608,Monty Python And The Holy Grail,YouTube,12.99
609,Monty Python And The Holy Grail,Google Play Movies & TV,12.99
610,Monty Python And The Holy Grail,Netflix,Subscription
611,Die Hard,YouTube,3.99
612,Die Hard,iTunes,3.99
613,Die Hard,Vudu,3.99
614,Die Hard,Google Play Movies & TV,3.99
615,Die Hard,Amazon Prime Video,3.99
616,Die Hard,Hulu,Subscription
617,Rashômon,iTunes,3.99
618,Rashômon,Amazon Prime Video,3.99
619,Yojimbo,iTunes,3.99
620,Yojimbo,Amazon Prime Video,3.99
621,Batman Begins,YouTube,3.99
622,Batman Begins,Google Play Movies & TV,3.99
623,Batman Begins,iTunes,3.99
624,Batman Begins,Vudu,3.99
625,Batman Begins,Amazon Prime Video,3.99
626,Batman Begins,Hulu,Subscription
627,Come And See,Vudu,2.00
628,Green Book,Vudu,5.99
629,Green Book,YouTube,14.99
630,Green Book,Google Play Movies & TV,14.99
631,Green Book,Amazon Prime Video,14.99
632,Green Book,Hulu,Subscription
633,Green Book,Showtime,Subscription
634,Children Of Heaven,YouTube,3.99
635,Children Of Heaven,Google Play Movies & TV,3.99
636,Children Of Heaven,Vudu,3.99
637,Children Of Heaven,Amazon Prime Video,3.99
638,Downfall,YouTube,2.99
639,Downfall,Google Play Movies & TV,2.99
640,Downfall,Vudu,2.99
641,Downfall,Amazon Prime Video,2.99
642,Unforgiven,YouTube,3.99
643,Unforgiven,Google Play Movies & TV,3.99
644,Unforgiven,iTunes,3.99
645,Unforgiven,Vudu,3.99
646,Unforgiven,Amazon Prime Video,3.99
647,Some Like It Hot,YouTube,3.99
648,Some Like It Hot,iTunes,3.99
649,Some Like It Hot,Google Play Movies & TV,3.99
650,Some Like It Hot,Vudu,3.99
651,Ran,YouTube,3.99
652,Ran,iTunes,3.99
653,Ran,Google Play Movies & TV,3.99
654,Ran,Vudu,3.99
655,Howl'S Moving Castle,YouTube,11.99
656,Howl'S Moving Castle,Google Play Movies & TV,11.99
657,Howl'S Moving Castle,Vudu,11.99
658,Howl'S Moving Castle,Amazon Prime Video,11.99
659,The Great Escape,Amazon Prime Video,0.99
660,The Great Escape,YouTube,3.99
661,The Great Escape,iTunes,3.99
662,The Great Escape,Google Play Movies & TV,3.99
663,The Great Escape,Vudu,3.99
664,All About Eve,YouTube,3.99
665,All About Eve,iTunes,3.99
666,All About Eve,Google Play Movies & TV,3.99
667,All About Eve,Vudu,3.99
668,All About Eve,Amazon Prime Video,3.99
669,A Beautiful Mind,YouTube,3.99
670,A Beautiful Mind,Google Play Movies & TV,3.99
671,A Beautiful Mind,Vudu,3.99
672,A Beautiful Mind,iTunes,3.99
673,A Beautiful Mind,Amazon Prime Video,3.99
674,A Beautiful Mind,Hulu,Subscription
675,Casino,YouTube,3.99
676,Casino,Google Play Movies & TV,3.99
677,Casino,iTunes,3.99
678,Casino,Vudu,3.99
679,Casino,Amazon Prime Video,3.99
680,Casino,Hulu,Subscription
681,Pan'S Labyrinth,YouTube,3.99
682,Pan'S Labyrinth,Google Play Movies & TV,3.99
683,Pan'S Labyrinth,iTunes,3.99
684,Pan'S Labyrinth,Vudu,3.99
685,Pan'S Labyrinth,Amazon Prime Video,3.99
686,Pan'S Labyrinth,Netflix,Subscription
687,The Secret In Their Eyes,iTunes,3.99
688,The Secret In Their Eyes,Vudu,3.99
689,The Secret In Their Eyes,Amazon Prime Video,3.99
690,The Secret In Their Eyes,YouTube,14.99
691,The Secret In Their Eyes,Google Play Movies & TV,14.99
692,The Secret In Their Eyes,Netflix,Subscription
693,My Neighbor Totoro,YouTube,11.99
694,My Neighbor Totoro,Google Play Movies & TV,11.99
695,My Neighbor Totoro,Vudu,11.99
696,My Neighbor Totoro,Amazon Prime Video,11.99
697,The Wolf Of Wall Street,YouTube,2.99
698,The Wolf Of Wall Street,Google Play Movies & TV,2.99
699,The Wolf Of Wall Street,Vudu,2.99
700,The Wolf Of Wall Street,Amazon Prime Video,2.99
701,The Wolf Of Wall Street,iTunes,3.99
702,The Wolf Of Wall Street,Hulu,Subscription
703,Raging Bull,Vudu,Free
704,Raging Bull,Amazon Prime Video,0.99
705,Raging Bull,YouTube,3.99
706,Raging Bull,iTunes,3.99
707,Raging Bull,Google Play Movies & TV,3.99
708,Raging Bull,Cinemax,Subscription
709,"Lock, Stock And Two Smoking Barrels",YouTube,3.99
710,"Lock, Stock And Two Smoking Barrels",iTunes,3.99
711,"Lock, Stock And Two Smoking Barrels",Google Play Movies & TV,3.99
712,"Lock, Stock And Two Smoking Barrels",Vudu,3.99
713,"Lock, Stock And Two Smoking Barrels",Amazon Prime Video,3.99
714,The Treasure Of The Sierra Madre,YouTube,2.99
715,The Treasure Of The Sierra Madre,Google Play Movies & TV,2.99
716,The Treasure Of The Sierra Madre,Vudu,2.99
717,The Treasure Of The Sierra Madre,Amazon Prime Video,2.99
718,The Treasure Of The Sierra Madre,iTunes,3.99
719,The Treasure Of The Sierra Madre,Hulu,Subscription
720,There Will Be Blood,YouTube,1.99
721,There Will Be Blood,Google Play Movies & TV,2.99
722,There Will Be Blood,Vudu,2.99
723,There Will Be Blood,Amazon Prime Video,2.99
724,There Will Be Blood,iTunes,3.99
725,There Will Be Blood,Netflix,Subscription
726,"Three Billboards Outside Ebbing, Missouri",YouTube,3.99
727,"Three Billboards Outside Ebbing, Missouri",Google Play Movies & TV,3.99
728,"Three Billboards Outside Ebbing, Missouri",Vudu,3.99
729,"Three Billboards Outside Ebbing, Missouri",Amazon Prime Video,3.99
730,"Three Billboards Outside Ebbing, Missouri",Hulu,Subscription
731,"Three Billboards Outside Ebbing, Missouri",Sling TV,Subscription
732,The Gold Rush,Amazon Prime Video,3.99
733,Chinatown,YouTube,2.99
734,Chinatown,Google Play Movies & TV,2.99
735,Chinatown,Vudu,2.99
736,Chinatown,Amazon Prime Video,2.99
737,Chinatown,iTunes,3.99
738,Chinatown,Hulu,Subscription
739,Dial M For Murder,Tubi,Free
740,Dial M For Murder,YouTube,3.99
741,Dial M For Murder,iTunes,3.99
742,Dial M For Murder,Google Play Movies & TV,3.99
743,Dial M For Murder,Vudu,3.99
744,Dial M For Murder,Amazon Prime Video,3.99
745,V For Vendetta,YouTube,3.99
746,V For Vendetta,Vudu,3.99
747,V For Vendetta,Google Play Movies & TV,3.99
748,V For Vendetta,iTunes,3.99
749,V For Vendetta,Amazon Prime Video,3.99
750,The Seventh Seal,YouTube,2.99
751,The Seventh Seal,Google Play Movies & TV,2.99
752,The Seventh Seal,Vudu,2.99
753,The Seventh Seal,Amazon Prime Video,2.99
754,The Seventh Seal,iTunes,3.99
755,No Country For Old Men,YouTube,3.99
756,No Country For Old Men,Google Play Movies & TV,3.99
757,No Country For Old Men,Vudu,3.99
758,No Country For Old Men,iTunes,3.99
759,No Country For Old Men,Amazon Prime Video,3.99
760,No Country For Old Men,Hulu,Subscription
761,Inside Out,YouTube,2.99
762,Inside Out,Google Play Movies & TV,2.99
763,Inside Out,iTunes,2.99
764,Inside Out,Amazon Prime Video,2.99
765,Inside Out,Vudu,3.99
766,Inside Out,Disney+,Subscription
767,Warrior,YouTube,3.99
768,Warrior,iTunes,3.99
769,Warrior,Google Play Movies & TV,3.99
770,Warrior,Vudu,3.99
771,Warrior,Amazon Prime Video,3.99
772,Warrior,Hulu,Subscription
773,Shutter Island,YouTube,2.99
774,Shutter Island,Google Play Movies & TV,2.99
775,Shutter Island,Vudu,2.99
776,Shutter Island,Amazon Prime Video,2.99
777,Shutter Island,iTunes,3.99
778,Shutter Island,Hulu,Subscription
779,Trainspotting,YouTube,3.99
780,Trainspotting,Google Play Movies & TV,3.99
781,Trainspotting,iTunes,3.99
782,The Elephant Man,YouTube,2.99
783,The Elephant Man,Google Play Movies & TV,2.99
784,The Elephant Man,Vudu,2.99
785,The Elephant Man,Amazon Prime Video,2.99
786,The Elephant Man,iTunes,3.99
787,The Sixth Sense,YouTube,2.99
788,The Sixth Sense,Google Play Movies & TV,2.99
789,The Sixth Sense,iTunes,2.99
790,The Sixth Sense,Amazon Prime Video,2.99
791,The Sixth Sense,Vudu,3.99
792,The Sixth Sense,Hulu,Subscription
793,The Thing,YouTube,3.99
794,The Thing,iTunes,3.99
795,The Thing,Google Play Movies & TV,3.99
796,The Thing,Vudu,3.99
797,The Thing,Amazon Prime Video,3.99
798,The Thing,Hulu,Subscription
799,Gone With The Wind,YouTube,3.99
800,Gone With The Wind,Vudu,3.99
801,Gone With The Wind,Google Play Movies & TV,3.99
802,Gone With The Wind,iTunes,3.99
803,Gone With The Wind,Amazon Prime Video,3.99
804,Room,Amazon Prime Video,0.99
805,Room,Vudu,2.99
806,Room,YouTube,3.99
807,Room,Google Play Movies & TV,3.99
808,Room,iTunes,3.99
809,Room,Netflix,Subscription
810,Jurassic Park,YouTube,3.99
811,Jurassic Park,Vudu,3.99
812,Jurassic Park,iTunes,3.99
813,Jurassic Park,Google Play Movies & TV,3.99
814,Wild Strawberries,iTunes,3.99
815,Wild Strawberries,Amazon Prime Video,3.99
816,Blade Runner,YouTube,3.99
817,Blade Runner,iTunes,3.99
818,Blade Runner,Vudu,3.99
819,Blade Runner,Google Play Movies & TV,3.99
820,Blade Runner,Amazon Prime Video,3.99
821,The Bridge On The River Kwai,Vudu,1.99
822,The Bridge On The River Kwai,Amazon Prime Video,2.99
823,The Bridge On The River Kwai,YouTube,3.99
824,The Bridge On The River Kwai,iTunes,3.99
825,The Bridge On The River Kwai,Google Play Movies & TV,3.99
826,Finding Nemo,YouTube,2.99
827,Finding Nemo,Google Play Movies & TV,2.99
828,Finding Nemo,iTunes,2.99
829,Finding Nemo,Amazon Prime Video,2.99
830,Finding Nemo,Vudu,3.99
831,Finding Nemo,Disney+,Subscription
832,Stalker,YouTube,2.99
833,Stalker,Google Play Movies & TV,2.99
834,Stalker,Vudu,2.99
835,Stalker,Amazon Prime Video,2.99
836,Stalker,iTunes,3.99
837,On The Waterfront,Vudu,1.99
838,On The Waterfront,Amazon Prime Video,2.99
839,On The Waterfront,YouTube,3.99
840,On The Waterfront,iTunes,3.99
841,On The Waterfront,Google Play Movies & TV,3.99
842,The Third Man,YouTube,3.99
843,The Third Man,iTunes,3.99
844,The Third Man,Google Play Movies & TV,3.99
845,The Third Man,Vudu,3.99
846,The Third Man,Amazon Prime Video,3.99
847,The Third Man,Hulu,Subscription
848,Fargo,YouTube,3.99
849,Fargo,iTunes,3.99
850,Fargo,Google Play Movies & TV,3.99
851,Fargo,Vudu,3.99
852,Fargo,Amazon Prime Video,3.99
853,Fargo,Hulu,Subscription
854,Kill Bill: Vol,YouTube,3.99
855,Kill Bill: Vol,Vudu,3.99
856,Kill Bill: Vol,Google Play Movies & TV,3.99
857,Kill Bill: Vol,Amazon Prime Video,3.99
858,Kill Bill: Vol,Hulu,Subscription
859,Kill Bill: Vol,Sling TV,Subscription
860,The Truman Show,YouTube,2.99
861,The Truman Show,Google Play Movies & TV,2.99
862,The Truman Show,Vudu,2.99
863,The Truman Show,Amazon Prime Video,2.99
864,The Truman Show,iTunes,3.99
865,The Truman Show,Hulu,Subscription
866,Gran Torino,YouTube,3.99
867,Gran Torino,Vudu,3.99
868,Gran Torino,Google Play Movies & TV,3.99
869,Gran Torino,iTunes,3.99
870,Gran Torino,Amazon Prime Video,3.99
871,Gran Torino,Cinemax,Subscription
872,Tokyo Story,YouTube,2.99
873,Tokyo Story,Google Play Movies & TV,2.99
874,Tokyo Story,Vudu,2.99
875,Tokyo Story,Amazon Prime Video,2.99
876,Tokyo Story,iTunes,3.99
877,The Deer Hunter,YouTube,3.99
878,The Deer Hunter,iTunes,3.99
879,The Deer Hunter,Google Play Movies & TV,3.99
880,The Deer Hunter,Vudu,3.99
881,The Deer Hunter,Amazon Prime Video,3.99
882,Memories Of Murder,iTunes,3.99
883,Relatos Salvajes,YouTube,3.99
884,Relatos Salvajes,Google Play Movies & TV,3.99
885,Relatos Salvajes,Amazon Prime Video,3.99
886,Klaus,Netflix,Subscription
887,The Bandit,YouTube,3.99
888,The Bandit,Google Play Movies & TV,3.99
889,The Bandit,iTunes,3.99
890,The Bandit,Vudu,3.99
891,The Bandit,Amazon Prime Video,3.99
892,The Bandit,Sling TV,Subscription
893,Andhadhun,YouTube,3.99
894,Andhadhun,Google Play Movies & TV,3.99
895,Andhadhun,Amazon Prime Video,3.99
896,Andhadhun,Netflix,Subscription
897,Mary And Max,YouTube,2.99
898,Mary And Max,Google Play Movies & TV,2.99
899,Mary And Max,Amazon Prime Video,2.99
900,Mary And Max,iTunes,3.99
901,The Big Lebowski,YouTube,3.99
902,The Big Lebowski,iTunes,3.99
903,The Big Lebowski,Vudu,3.99
904,The Big Lebowski,Google Play Movies & TV,3.99
905,The Big Lebowski,Amazon Prime Video,3.99
906,The Big Lebowski,Hulu,Subscription
907,In The Name Of The Father,YouTube,3.99
908,In The Name Of The Father,iTunes,3.99
909,In The Name Of The Father,Google Play Movies & TV,3.99
910,In The Name Of The Father,Vudu,3.99
911,In The Name Of The Father,Amazon Prime Video,3.99
912,Gone Girl,YouTube,3.99
913,Gone Girl,Google Play Movies & TV,3.99
914,Gone Girl,iTunes,3.99
915,Gone Girl,Vudu,3.99
916,Gone Girl,Amazon Prime Video,3.99
917,Gone Girl,Hulu,Subscription
918,Hacksaw Ridge,Google Play Movies & TV,3.99
919,Hacksaw Ridge,YouTube,3.99
920,Hacksaw Ridge,Vudu,3.99
921,Hacksaw Ridge,Amazon Prime Video,3.99
922,Hacksaw Ridge,iTunes,14.99
923,The Grand Budapest Hotel,YouTube,3.99
924,The Grand Budapest Hotel,Google Play Movies & TV,3.99
925,The Grand Budapest Hotel,Vudu,3.99
926,The Grand Budapest Hotel,Amazon Prime Video,3.99
927,The Grand Budapest Hotel,iTunes,14.99
928,To Be Or Not To Be,Hulu,Subscription
929,To Be Or Not To Be,Sling TV,Subscription
930,To Be Or Not To Be,Starz,Subscription
931,To Be Or Not To Be,Cinemax,Subscription
932,To Be Or Not To Be,Amazon Prime Video,Subscription
933,Ford V Ferrari,YouTube,5.99
934,Ford V Ferrari,Google Play Movies & TV,5.99
935,Ford V Ferrari,Vudu,5.99
936,Ford V Ferrari,Amazon Prime Video,5.99
937,Persona,iTunes,3.99
938,Persona,Amazon Prime Video,3.99
939,Before Sunrise,YouTube,2.99
940,Before Sunrise,Google Play Movies & TV,2.99
941,Before Sunrise,iTunes,2.99
942,Before Sunrise,Vudu,2.99
943,Before Sunrise,Amazon Prime Video,2.99
944,Catch Me If You Can,YouTube,2.99
945,Catch Me If You Can,Google Play Movies & TV,2.99
946,Catch Me If You Can,Vudu,2.99
947,Catch Me If You Can,Amazon Prime Video,2.99
948,Catch Me If You Can,iTunes,3.99
949,How To Train Your Dragon,YouTube,3.99
950,How To Train Your Dragon,Google Play Movies & TV,3.99
951,How To Train Your Dragon,iTunes,3.99
952,How To Train Your Dragon,Vudu,3.99
953,How To Train Your Dragon,Amazon Prime Video,3.99
954,How To Train Your Dragon,Sling TV,Subscription
955,The General,YouTube,3.99
956,The General,Google Play Movies & TV,3.99
957,The General,Vudu,3.99
958,The General,Amazon Prime Video,3.99
959,The General,Sling TV,Subscription
960,Mr,YouTube,3.99
961,Mr,iTunes,3.99
962,Mr,Google Play Movies & TV,3.99
963,Mr,Vudu,3.99
964,Mr,Amazon Prime Video,3.99
965,Mr,Netflix,Subscription
966,Sherlock Jr,YouTube,3.99
967,Sherlock Jr,Google Play Movies & TV,3.99
968,Sherlock Jr,Vudu,3.99
969,Sherlock Jr,Amazon Prime Video,3.99
970,Prisoners,YouTube,1.99
971,Prisoners,Google Play Movies & TV,1.99
972,Prisoners,Amazon Prime Video,1.99
973,Prisoners,Vudu,2.99
974,Prisoners,iTunes,5.99
975,Prisoners,Hulu,Subscription
976,12 Years A Slave,YouTube,3.99
977,12 Years A Slave,Google Play Movies & TV,3.99
978,12 Years A Slave,iTunes,3.99
979,12 Years A Slave,Vudu,3.99
980,12 Years A Slave,Amazon Prime Video,3.99
981,Cool Hand Luke,YouTube,3.99
982,Cool Hand Luke,iTunes,3.99
983,Cool Hand Luke,Google Play Movies & TV,3.99
984,Cool Hand Luke,Vudu,3.99
985,Cool Hand Luke,Amazon Prime Video,3.99
986,Mad Max: Fury Road,YouTube,3.99
987,Mad Max: Fury Road,iTunes,3.99
988,Mad Max: Fury Road,Google Play Movies & TV,3.99
989,Mad Max: Fury Road,Vudu,3.99
990,Barry Lyndon,YouTube,3.99
991,Barry Lyndon,iTunes,3.99
992,Barry Lyndon,Google Play Movies & TV,3.99
993,Barry Lyndon,Vudu,3.99
994,Barry Lyndon,Amazon Prime Video,3.99
995,Network,YouTube,3.99
996,Network,Google Play Movies & TV,3.99
997,Network,iTunes,3.99
998,Network,Vudu,3.99
999,Network,Amazon Prime Video,3.99
1000,Network,Hulu,Subscription
1001,The Wages Of Fear,iTunes,3.99
1002,The Wages Of Fear,Amazon Prime Video,3.99
1003,Stand By Me,Vudu,2.99
1004,Stand By Me,Amazon Prime Video,2.99
1005,Stand By Me,iTunes,3.99
1006,Stand By Me,YouTube,12.99
1007,Stand By Me,Google Play Movies & TV,12.99
1008,Into The Wild,YouTube,2.99
1009,Into The Wild,Google Play Movies & TV,2.99
1010,Into The Wild,Vudu,2.99
1011,Into The Wild,Amazon Prime Video,2.99
1012,Into The Wild,iTunes,3.99
1013,Into The Wild,Hulu,Subscription
1014,Million Dollar Baby,YouTube,3.99
1015,Million Dollar Baby,Google Play Movies & TV,3.99
1016,Million Dollar Baby,iTunes,3.99
1017,Million Dollar Baby,Vudu,3.99
1018,Million Dollar Baby,Amazon Prime Video,3.99
1019,Monty Python'S Life Of Brian,iTunes,3.99
1020,Monty Python'S Life Of Brian,Amazon Prime Video,3.99
1021,Monty Python'S Life Of Brian,YouTube,12.99
1022,Monty Python'S Life Of Brian,Google Play Movies & TV,12.99
1023,Monty Python'S Life Of Brian,Netflix,Subscription
1024,Hachi: A Dog'S Tale,Vudu,2.99
1025,Hachi: A Dog'S Tale,Amazon Prime Video,2.99
1026,Hachi: A Dog'S Tale,YouTube,3.99
1027,Hachi: A Dog'S Tale,Google Play Movies & TV,3.99
1028,Hachi: A Dog'S Tale,iTunes,3.99
1029,Platoon,YouTube,3.99
1030,Platoon,Google Play Movies & TV,3.99
1031,Platoon,iTunes,3.99
1032,Platoon,Vudu,3.99
1033,Platoon,Amazon Prime Video,3.99
1034,Platoon,Hulu,Subscription
1035,Ben-Hur,YouTube,3.99
1036,Ben-Hur,Google Play Movies & TV,3.99
1037,Ben-Hur,iTunes,3.99
1038,Ben-Hur,Vudu,3.99
1039,Ben-Hur,Amazon Prime Video,3.99
1040,Rush,YouTube,3.99
1041,Rush,Google Play Movies & TV,3.99
1042,Rush,iTunes,3.99
1043,Rush,Vudu,3.99
1044,Rush,Amazon Prime Video,3.99
1045,Rush,Hulu,Subscription
1046,The Passion Of Joan Of Arc,Amazon Prime Video,3.99
1047,Logan,YouTube,3.99
1048,Logan,Google Play Movies & TV,3.99
1049,Logan,Vudu,3.99
1050,Logan,Amazon Prime Video,3.99
1051,Logan,iTunes,14.99
1052,Logan,Hulu,Subscription
1053,Dead Poets Society,Vudu,Free
1054,Dead Poets Society,YouTube,2.99
1055,Dead Poets Society,Google Play Movies & TV,2.99
1056,Dead Poets Society,iTunes,2.99
1057,Dead Poets Society,Amazon Prime Video,2.99
1058,Harry Potter And The Deathly Hallows Part 2,YouTube,3.99
1059,Harry Potter And The Deathly Hallows Part 2,Google Play Movies & TV,3.99
1060,Harry Potter And The Deathly Hallows Part 2,Vudu,3.99
1061,Harry Potter And The Deathly Hallows Part 2,Amazon Prime Video,3.99
1062,Harry Potter And The Deathly Hallows Part 2,iTunes,5.99
1063,Harry Potter And The Deathly Hallows Part 2,Sling TV,Subscription
1064,Andrei Rublev,Amazon Prime Video,0.99
1065,The 400 Blows,YouTube,2.99
1066,The 400 Blows,Google Play Movies & TV,2.99
1067,The 400 Blows,Vudu,2.99
1068,The 400 Blows,iTunes,3.99
1069,The 400 Blows,Amazon Prime Video,3.99
1070,Hotel Rwanda,Amazon Prime Video,0.99
1071,Hotel Rwanda,YouTube,3.99
1072,Hotel Rwanda,iTunes,3.99
1073,Hotel Rwanda,Google Play Movies & TV,3.99
1074,Hotel Rwanda,Hulu,Subscription
1075,Hotel Rwanda,Starz,Subscription
1076,Amores Perros,Tubi,Free
1077,Amores Perros,Vudu,Free
1078,Amores Perros,YouTube,3.99
1079,Amores Perros,Google Play Movies & TV,3.99
1080,Amores Perros,iTunes,3.99
1081,Amores Perros,Amazon Prime Video,3.99
1082,Rang De Basanti,Netflix,Subscription
1083,The Handmaiden,Vudu,2.99
1084,The Handmaiden,iTunes,3.99
1085,The Handmaiden,Amazon Prime Video,Subscription
1086,Spotlight,YouTube,3.99
1087,Spotlight,iTunes,3.99
1088,Spotlight,Google Play Movies & TV,3.99
1089,Spotlight,Vudu,3.99
1090,Spotlight,Amazon Prime Video,3.99
1091,Nausicaä Of The Valley Of The Wind,YouTube,11.99
1092,Nausicaä Of The Valley Of The Wind,Google Play Movies & TV,11.99
1093,Nausicaä Of The Valley Of The Wind,Vudu,11.99
1094,Nausicaä Of The Valley Of The Wind,Amazon Prime Video,11.99
1095,Portrait Of A Lady On Fire,YouTube,1.99
1096,Portrait Of A Lady On Fire,Google Play Movies & TV,1.99
1097,Portrait Of A Lady On Fire,Amazon Prime Video,1.99
1098,Portrait Of A Lady On Fire,Hulu,Subscription
1099,Rocky,Amazon Prime Video,0.99
1100,Rocky,YouTube,3.99
1101,Rocky,iTunes,3.99
1102,Rocky,Google Play Movies & TV,3.99
1103,Rocky,Vudu,3.99
1104,Monsters Inc,YouTube,2.99
1105,Monsters Inc,Google Play Movies & TV,2.99
1106,Monsters Inc,iTunes,2.99
1107,Monsters Inc,Amazon Prime Video,2.99
1108,Monsters Inc,Vudu,3.99
1109,Monsters Inc,Disney+,Subscription
1110,La Haine,iTunes,3.99
1111,La Haine,Amazon Prime Video,3.99
1112,It Happened One Night,Vudu,0.99
1113,It Happened One Night,Amazon Prime Video,2.99
1114,It Happened One Night,YouTube,3.99
1115,It Happened One Night,iTunes,3.99
1116,It Happened One Night,Google Play Movies & TV,3.99
1117,Gangs Of Wasseypur,YouTube,2.99
1118,Gangs Of Wasseypur,Google Play Movies & TV,2.99
1119,Gangs Of Wasseypur,iTunes,3.99
1120,Gangs Of Wasseypur,Amazon Prime Video,3.99
1121,Before Sunset,YouTube,2.99
1122,Before Sunset,Google Play Movies & TV,2.99
1123,Before Sunset,Vudu,2.99
1124,Before Sunset,Amazon Prime Video,2.99
1125,Before Sunset,iTunes,3.99
1126,The Princess Bride,Amazon Prime Video,3.99
1127,The Princess Bride,YouTube,12.99
1128,The Princess Bride,Google Play Movies & TV,12.99
1129,The Princess Bride,Vudu,14.99
1130,The Princess Bride,iTunes,14.99
1131,The Princess Bride,Philo,Subscription
1132,The Help,YouTube,2.99
1133,The Help,Google Play Movies & TV,2.99
1134,The Help,iTunes,2.99
1135,The Help,Amazon Prime Video,2.99
1136,The Help,Vudu,3.99
1137,Paris Texas,iTunes,3.99
1138,Paris Texas,Amazon Prime Video,3.99
1139,The Invisible Guest,Netflix,Subscription
1140,Drishyam,YouTube,2.99
1141,Drishyam,Google Play Movies & TV,2.99
1142,Drishyam,Amazon Prime Video,2.99
1143,Drishyam,iTunes,4.99
1144,The Terminator,YouTube,3.99
1145,The Terminator,Google Play Movies & TV,3.99
1146,The Terminator,iTunes,3.99
1147,The Terminator,Vudu,3.99
1148,The Terminator,Amazon Prime Video,3.99
1149,Ace In The Hole,YouTube,2.99
1150,Ace In The Hole,Google Play Movies & TV,2.99
1151,Ace In The Hole,Amazon Prime Video,3.99
1152,Kis Uykusu,Vudu,2.99
1153,Kis Uykusu,YouTube,3.99
1154,Kis Uykusu,iTunes,3.99
1155,Kis Uykusu,Google Play Movies & TV,3.99
1156,Kis Uykusu,Amazon Prime Video,3.99
1157,Lagaan Once Upon A Time In India,Netflix,Subscription
1158,Lagaan Once Upon A Time In India,Sling TV,Subscription
1159,Butch Cassidy And The Sundance Kid,YouTube,2.99
1160,Butch Cassidy And The Sundance Kid,iTunes,2.99
1161,Butch Cassidy And The Sundance Kid,Google Play Movies & TV,2.99
1162,Butch Cassidy And The Sundance Kid,Vudu,3.99
1163,Butch Cassidy And The Sundance Kid,Amazon Prime Video,3.99
1164,Butch Cassidy And The Sundance Kid,Hulu,Subscription
1165,Aladdin,YouTube,2.99
1166,Aladdin,Google Play Movies & TV,2.99
1167,Aladdin,Amazon Prime Video,2.99
1168,Aladdin,Vudu,3.99
1169,Aladdin,Disney+,Subscription
1170,Akira,Tubi,Free
1171,Akira,Vudu,2.99
1172,Akira,iTunes,5.99
1173,Akira,Hulu,Subscription
1174,Throne Of Blood,iTunes,3.99
1175,Throne Of Blood,Amazon Prime Video,3.99
