title,google_service_id,price
The Shawshank Redemption,gg_17,3.99
The Shawshank Redemption,gg_9,3.99
The Shawshank Redemption,gg_6,3.99
The Shawshank Redemption,gg_16,3.99
The Shawshank Redemption,gg_1,3.99
The Shawshank Redemption,gg_11,Subscription
The Godfather,gg_17,2.99
The Godfather,gg_6,2.99
The Godfather,gg_16,2.99
The Godfather,gg_1,2.99
The Godfather: Part Ii,gg_17,2.99
The Godfather: Part Ii,gg_6,2.99
The Godfather: Part Ii,gg_16,2.99
The Godfather: Part Ii,gg_1,2.99
The Dark Knight,gg_17,3.99
The Dark Knight,gg_6,3.99
The Dark Knight,gg_9,3.99
The Dark Knight,gg_16,3.99
The Dark Knight,gg_1,3.99
The Dark Knight,gg_7,Subscription
12 Angry Men,gg_1,2.99
12 Angry Men,gg_17,3.99
12 Angry Men,gg_6,3.99
12 Angry Men,gg_9,3.99
12 Angry Men,gg_16,3.99
Schindler'S List,gg_17,3.99
Schindler'S List,gg_6,3.99
Schindler'S List,gg_16,3.99
Schindler'S List,gg_9,3.99
Schindler'S List,gg_1,3.99
Schindler'S List,gg_7,Subscription
The Lord Of The Rings: The Return Of The King,gg_17,3.99
The Lord Of The Rings: The Return Of The King,gg_9,3.99
The Lord Of The Rings: The Return Of The King,gg_6,3.99
The Lord Of The Rings: The Return Of The King,gg_16,3.99
The Lord Of The Rings: The Return Of The King,gg_1,3.99
Pulp Fiction,gg_17,3.99
Pulp Fiction,gg_6,3.99
Pulp Fiction,gg_9,3.99
Pulp Fiction,gg_16,3.99
Pulp Fiction,gg_1,3.99
Pulp Fiction,gg_7,Subscription
"The Good, The Bad And The Ugly",gg_1,0.99
"The Good, The Bad And The Ugly",gg_17,3.99
"The Good, The Bad And The Ugly",gg_9,3.99
"The Good, The Bad And The Ugly",gg_6,3.99
"The Good, The Bad And The Ugly",gg_16,3.99
"The Good, The Bad And The Ugly",gg_10,Subscription
The Lord Of The Rings: The Fellowship Of The Ring,gg_16,2.99
The Lord Of The Rings: The Fellowship Of The Ring,gg_1,2.99
The Lord Of The Rings: The Fellowship Of The Ring,gg_17,3.99
The Lord Of The Rings: The Fellowship Of The Ring,gg_9,3.99
Fight Club,gg_17,3.99
Fight Club,gg_6,3.99
Fight Club,gg_16,3.99
Fight Club,gg_1,3.99
Fight Club,gg_7,Subscription
Fight Club,gg_8,Subscription
Forrest Gump,gg_17,2.99
Forrest Gump,gg_6,2.99
Forrest Gump,gg_16,2.99
Forrest Gump,gg_1,2.99
Forrest Gump,gg_9,3.99
Forrest Gump,gg_7,Subscription
Inception,gg_17,3.99
Inception,gg_6,3.99
Inception,gg_9,3.99
Inception,gg_16,3.99
Inception,gg_1,3.99
Inception,gg_10,Subscription
Star Wars: Episode V - The Empire Strikes Back,gg_17,19.99
Star Wars: Episode V - The Empire Strikes Back,gg_6,19.99
Star Wars: Episode V - The Empire Strikes Back,gg_9,19.99
Star Wars: Episode V - The Empire Strikes Back,gg_16,19.99
Star Wars: Episode V - The Empire Strikes Back,gg_1,19.99
Star Wars: Episode V - The Empire Strikes Back,gg_7,Subscription
The Lord Of The Rings: The Two Towers,gg_9,3.99
The Lord Of The Rings: The Two Towers,gg_6,3.99
The Lord Of The Rings: The Two Towers,gg_16,3.99
The Lord Of The Rings: The Two Towers,gg_1,3.99
The Matrix,gg_17,3.99
The Matrix,gg_9,3.99
The Matrix,gg_6,3.99
The Matrix,gg_16,3.99
The Matrix,gg_1,3.99
The Matrix,gg_10,Subscription
Goodfellas,gg_17,3.99
Goodfellas,gg_6,3.99
Goodfellas,gg_9,3.99
Goodfellas,gg_16,3.99
Goodfellas,gg_1,3.99
Goodfellas,gg_7,Subscription
One Flew Over The Cuckoo'S Nest,gg_17,3.99
One Flew Over The Cuckoo'S Nest,gg_6,3.99
One Flew Over The Cuckoo'S Nest,gg_9,3.99
One Flew Over The Cuckoo'S Nest,gg_16,3.99
One Flew Over The Cuckoo'S Nest,gg_1,3.99
Seven Samurai,gg_17,2.99
Seven Samurai,gg_6,2.99
Seven Samurai,gg_16,2.99
Seven Samurai,gg_1,2.99
Seven Samurai,gg_9,3.99
Se7En,gg_17,3.99
Se7En,gg_9,3.99
Se7En,gg_6,3.99
Se7En,gg_16,3.99
Se7En,gg_1,3.99
Se7En,gg_7,Subscription
Life Is Beautiful,gg_17,3.99
Life Is Beautiful,gg_6,3.99
Life Is Beautiful,gg_9,3.99
Life Is Beautiful,gg_16,3.99
Life Is Beautiful,gg_1,3.99
Life Is Beautiful,gg_7,Subscription
City Of God,gg_17,3.99
City Of God,gg_6,3.99
City Of God,gg_9,3.99
City Of God,gg_16,3.99
City Of God,gg_1,3.99
The Silence Of The Lambs,gg_17,3.99
The Silence Of The Lambs,gg_6,3.99
The Silence Of The Lambs,gg_9,3.99
The Silence Of The Lambs,gg_16,3.99
The Silence Of The Lambs,gg_1,3.99
The Silence Of The Lambs,gg_13,Subscription
It'S A Wonderful Life,gg_17,2.99
It'S A Wonderful Life,gg_6,2.99
It'S A Wonderful Life,gg_16,2.99
It'S A Wonderful Life,gg_1,2.99
It'S A Wonderful Life,gg_9,12.99
Star Wars: Episode Iv - A New Hope,gg_17,19.99
Star Wars: Episode Iv - A New Hope,gg_9,19.99
Star Wars: Episode Iv - A New Hope,gg_6,19.99
Star Wars: Episode Iv - A New Hope,gg_16,19.99
Star Wars: Episode Iv - A New Hope,gg_1,19.99
Star Wars: Episode Iv - A New Hope,gg_7,Subscription
Parasite,gg_17,3.99
Parasite,gg_6,3.99
Parasite,gg_1,3.99
Parasite,gg_16,5.99
Parasite,gg_7,Subscription
Saving Private Ryan,gg_17,2.99
Saving Private Ryan,gg_6,2.99
Saving Private Ryan,gg_16,2.99
Saving Private Ryan,gg_1,2.99
Saving Private Ryan,gg_9,3.99
Saving Private Ryan,gg_13,Subscription
Spirited Away,gg_17,11.99
Spirited Away,gg_6,11.99
Spirited Away,gg_16,11.99
Spirited Away,gg_1,11.99
The Green Mile,gg_17,3.99
The Green Mile,gg_6,3.99
The Green Mile,gg_16,3.99
The Green Mile,gg_9,3.99
The Green Mile,gg_1,3.99
The Green Mile,gg_7,Subscription
Interstellar,gg_17,2.99
Interstellar,gg_6,2.99
Interstellar,gg_16,2.99
Interstellar,gg_1,2.99
Interstellar,gg_9,3.99
Interstellar,gg_7,Subscription
Léon: The Professional,gg_16,2.99
Léon: The Professional,gg_1,2.99
Léon: The Professional,gg_17,9.99
Léon: The Professional,gg_6,9.99
The Usual Suspects,gg_17,Free
The Usual Suspects,gg_15,Free
The Usual Suspects,gg_6,3.99
The Usual Suspects,gg_9,3.99
The Usual Suspects,gg_16,3.99
The Usual Suspects,gg_1,3.99
Harakiri,gg_9,3.99
Harakiri,gg_1,3.99
The Lion King,gg_17,14.99
The Lion King,gg_6,14.99
The Lion King,gg_9,14.99
The Lion King,gg_16,14.99
The Lion King,gg_1,14.99
The Lion King,gg_4,Subscription
American History X,gg_17,3.99
American History X,gg_6,3.99
American History X,gg_9,3.99
American History X,gg_16,3.99
American History X,gg_1,3.99
American History X,gg_7,Subscription
The Pianist,gg_17,3.99
The Pianist,gg_6,3.99
The Pianist,gg_9,3.99
The Pianist,gg_16,3.99
The Pianist,gg_1,3.99
The Pianist,gg_10,Subscription
Terminator 2: Judgment Day,gg_17,2.99
Terminator 2: Judgment Day,gg_6,2.99
Terminator 2: Judgment Day,gg_16,2.99
Terminator 2: Judgment Day,gg_1,2.99
Terminator 2: Judgment Day,gg_9,3.99
Back To The Future,gg_17,3.99
Back To The Future,gg_6,3.99
Back To The Future,gg_9,3.99
Back To The Future,gg_16,3.99
Back To The Future,gg_1,3.99
Back To The Future,gg_10,Subscription
Modern Times,gg_1,3.99
Psycho,gg_17,3.99
Psycho,gg_6,3.99
Psycho,gg_9,3.99
Psycho,gg_16,3.99
Psycho,gg_1,3.99
Psycho,gg_11,Subscription
Gladiator,gg_17,2.99
Gladiator,gg_6,2.99
Gladiator,gg_16,2.99
Gladiator,gg_1,2.99
Gladiator,gg_9,3.99
City Lights,gg_17,2.99
City Lights,gg_6,2.99
City Lights,gg_16,2.99
City Lights,gg_1,2.99
The Departed,gg_17,3.99
The Departed,gg_6,3.99
The Departed,gg_16,3.99
The Departed,gg_9,3.99
The Departed,gg_1,3.99
The Intouchables,gg_15,Free
The Intouchables,gg_16,Free
The Intouchables,gg_9,3.99
Whiplash,gg_16,2.99
Whiplash,gg_17,3.99
Whiplash,gg_9,3.99
Whiplash,gg_6,3.99
The Prestige,gg_17,2.99
The Prestige,gg_6,2.99
The Prestige,gg_9,2.99
The Prestige,gg_1,2.99
The Prestige,gg_16,3.99
The Prestige,gg_7,Subscription
Once Upon A Time In The West,gg_3,Free
Once Upon A Time In The West,gg_17,2.99
Once Upon A Time In The West,gg_6,2.99
Once Upon A Time In The West,gg_16,2.99
Once Upon A Time In The West,gg_1,2.99
Once Upon A Time In The West,gg_9,3.99
Grave Of The Fireflies,gg_16,2.99
Grave Of The Fireflies,gg_9,3.99
Grave Of The Fireflies,gg_7,Subscription
Casablanca,gg_17,3.99
Casablanca,gg_9,3.99
Casablanca,gg_6,3.99
Casablanca,gg_16,3.99
Casablanca,gg_1,3.99
Cinema Paradiso,gg_17,3.99
Cinema Paradiso,gg_9,3.99
Cinema Paradiso,gg_6,3.99
Cinema Paradiso,gg_7,Subscription
Cinema Paradiso,gg_8,Subscription
Cinema Paradiso,gg_1,Subscription
Rear Window,gg_17,3.99
Rear Window,gg_6,3.99
Rear Window,gg_9,3.99
Rear Window,gg_16,3.99
Rear Window,gg_1,3.99
Rear Window,gg_11,Subscription
Joker,gg_17,2.99
Joker,gg_6,2.99
Joker,gg_1,2.99
Joker,gg_16,5.99
Alien,gg_17,3.99
Alien,gg_9,3.99
Alien,gg_6,3.99
Alien,gg_16,3.99
Alien,gg_1,3.99
Alien,gg_7,Subscription
Apocalypse Now,gg_17,3.99
Apocalypse Now,gg_9,3.99
Apocalypse Now,gg_16,3.99
Apocalypse Now,gg_6,3.99
Apocalypse Now,gg_7,Subscription
Apocalypse Now,gg_8,Subscription
Memento,gg_15,Free
Memento,gg_17,2.99
Memento,gg_6,2.99
Memento,gg_16,2.99
Memento,gg_1,2.99
Raiders Of The Lost Ark,gg_17,2.99
Raiders Of The Lost Ark,gg_6,2.99
Raiders Of The Lost Ark,gg_16,2.99
Raiders Of The Lost Ark,gg_1,2.99
Raiders Of The Lost Ark,gg_9,3.99
Raiders Of The Lost Ark,gg_10,Subscription
The Great Dictator,gg_1,3.99
The Lives Of Others,gg_16,2.99
The Lives Of Others,gg_1,2.99
The Lives Of Others,gg_17,3.99
The Lives Of Others,gg_9,3.99
The Lives Of Others,gg_6,3.99
Django Unchained,gg_17,3.99
Django Unchained,gg_6,3.99
Django Unchained,gg_16,3.99
Django Unchained,gg_9,3.99
Django Unchained,gg_1,3.99
Django Unchained,gg_10,Subscription
Paths Of Glory,gg_1,0.99
Paths Of Glory,gg_17,3.99
Paths Of Glory,gg_9,3.99
Paths Of Glory,gg_6,3.99
Paths Of Glory,gg_16,3.99
The Shining,gg_17,3.99
The Shining,gg_6,3.99
The Shining,gg_16,3.99
The Shining,gg_9,3.99
The Shining,gg_1,3.99
Avengers: Infinity War,gg_6,2.99
Avengers: Infinity War,gg_17,2.99
Avengers: Infinity War,gg_1,2.99
Avengers: Infinity War,gg_16,3.99
Avengers: Infinity War,gg_10,Subscription
Wall·E,gg_17,2.99
Wall·E,gg_6,2.99
Wall·E,gg_1,2.99
Wall·E,gg_16,3.99
Wall·E,gg_4,Subscription
Sunset Blvd,gg_3,Free
Sunset Blvd,gg_17,2.99
Sunset Blvd,gg_6,2.99
Sunset Blvd,gg_16,2.99
Sunset Blvd,gg_1,2.99
Sunset Blvd,gg_9,3.99
Spider-Man: Into The Spider-Verse,gg_1,2.99
Spider-Man: Into The Spider-Verse,gg_17,3.99
Spider-Man: Into The Spider-Verse,gg_6,3.99
Spider-Man: Into The Spider-Verse,gg_10,Subscription
Princess Mononoke,gg_17,11.99
Princess Mononoke,gg_6,11.99
Princess Mononoke,gg_16,11.99
Princess Mononoke,gg_1,11.99
Dr,gg_16,2.99
Dr,gg_1,2.99
Dr,gg_17,3.99
Dr,gg_9,3.99
Dr,gg_6,3.99
Dr,gg_10,Subscription
Oldboy,gg_16,Free
Oldboy,gg_1,Subscription
Witness For The Prosecution,gg_17,3.99
Witness For The Prosecution,gg_9,3.99
Witness For The Prosecution,gg_6,3.99
Witness For The Prosecution,gg_16,3.99
Witness For The Prosecution,gg_1,3.99
Anand,gg_17,2.99
Anand,gg_6,2.99
Anand,gg_1,Subscription
Avengers: Endgame,gg_6,2.99
Avengers: Endgame,gg_17,2.99
Avengers: Endgame,gg_16,3.99
Avengers: Endgame,gg_4,Subscription
The Dark Knight Rises,gg_17,3.99
The Dark Knight Rises,gg_6,3.99
The Dark Knight Rises,gg_16,3.99
The Dark Knight Rises,gg_9,3.99
The Dark Knight Rises,gg_1,3.99
Once Upon A Time In America,gg_17,3.99
Once Upon A Time In America,gg_9,3.99
Once Upon A Time In America,gg_6,3.99
Once Upon A Time In America,gg_16,3.99
Aliens,gg_17,3.99
Aliens,gg_6,3.99
Aliens,gg_9,3.99
Aliens,gg_16,3.99
Aliens,gg_1,3.99
Aliens,gg_8,Subscription
Your Name,gg_16,2.99
Your Name,gg_1,2.99
Your Name,gg_17,3.99
Your Name,gg_6,3.99
Coco,gg_17,2.99
Coco,gg_6,2.99
Coco,gg_1,2.99
Coco,gg_16,3.99
Coco,gg_4,Subscription
American Beauty,gg_6,2.99
American Beauty,gg_17,2.99
American Beauty,gg_16,2.99
American Beauty,gg_1,2.99
American Beauty,gg_9,3.99
American Beauty,gg_7,Subscription
Braveheart,gg_17,2.99
Braveheart,gg_16,2.99
Braveheart,gg_6,2.99
Braveheart,gg_1,2.99
Braveheart,gg_9,3.99
Das Boot,gg_16,2.99
Das Boot,gg_1,2.99
Das Boot,gg_17,3.99
Das Boot,gg_9,3.99
Das Boot,gg_6,3.99
3 Idiots,gg_13,Free
3 Idiots,gg_10,Subscription
3 Idiots,gg_1,Subscription
Toy Story,gg_17,2.99
Toy Story,gg_6,2.99
Toy Story,gg_9,2.99
Toy Story,gg_1,2.99
Toy Story,gg_16,3.99
Toy Story,gg_4,Subscription
High And Low,gg_9,3.99
High And Low,gg_1,3.99
1917,gg_17,5.99
1917,gg_16,5.99
1917,gg_6,5.99
1917,gg_1,5.99
Taare Zameen Par,gg_10,Subscription
Taare Zameen Par,gg_13,Subscription
Star Wars: Episode Vi - Return Of The Jedi,gg_17,19.99
Star Wars: Episode Vi - Return Of The Jedi,gg_16,19.99
Star Wars: Episode Vi - Return Of The Jedi,gg_9,19.99
Star Wars: Episode Vi - Return Of The Jedi,gg_6,19.99
Star Wars: Episode Vi - Return Of The Jedi,gg_1,19.99
Star Wars: Episode Vi - Return Of The Jedi,gg_7,Subscription
Amadeus,gg_17,3.99
Amadeus,gg_9,3.99
Amadeus,gg_6,3.99
Amadeus,gg_16,3.99
Amadeus,gg_1,3.99
Reservoir Dogs,gg_17,3.99
Reservoir Dogs,gg_6,3.99
Reservoir Dogs,gg_9,3.99
Reservoir Dogs,gg_16,3.99
Reservoir Dogs,gg_1,3.99
Inglourious Basterds,gg_17,3.99
Inglourious Basterds,gg_6,3.99
Inglourious Basterds,gg_9,3.99
Inglourious Basterds,gg_16,3.99
Inglourious Basterds,gg_1,3.99
Inglourious Basterds,gg_10,Subscription
Good Will Hunting,gg_17,3.99
Good Will Hunting,gg_6,3.99
Good Will Hunting,gg_9,3.99
Good Will Hunting,gg_16,3.99
Good Will Hunting,gg_1,3.99
Good Will Hunting,gg_7,Subscription
2001: A Space Odyssey,gg_17,3.99
2001: A Space Odyssey,gg_6,3.99
2001: A Space Odyssey,gg_16,3.99
2001: A Space Odyssey,gg_9,3.99
2001: A Space Odyssey,gg_1,3.99
Vertigo,gg_17,3.99
Vertigo,gg_6,3.99
Vertigo,gg_9,3.99
Vertigo,gg_16,3.99
Vertigo,gg_1,3.99
Vertigo,gg_11,Subscription
Requiem For A Dream,gg_17,3.99
Requiem For A Dream,gg_6,3.99
Requiem For A Dream,gg_9,3.99
Requiem For A Dream,gg_16,3.99
Requiem For A Dream,gg_1,3.99
Requiem For A Dream,gg_7,Subscription
M,gg_16,2.99
M,gg_1,2.99
M,gg_9,3.99
Dangal,gg_10,Subscription
Eternal Sunshine Of The Spotless Mind,gg_17,3.99
Eternal Sunshine Of The Spotless Mind,gg_6,3.99
Eternal Sunshine Of The Spotless Mind,gg_16,3.99
Eternal Sunshine Of The Spotless Mind,gg_9,3.99
Eternal Sunshine Of The Spotless Mind,gg_1,3.99
Eternal Sunshine Of The Spotless Mind,gg_7,Subscription
Citizen Kane,gg_17,3.99
Citizen Kane,gg_9,3.99
Citizen Kane,gg_6,3.99
Citizen Kane,gg_16,3.99
Citizen Kane,gg_1,3.99
The Hunt,gg_17,19.99
The Hunt,gg_6,19.99
The Hunt,gg_1,19.99
Capharnaüm,gg_17,12.99
Capharnaüm,gg_6,12.99
Capharnaüm,gg_1,12.99
Capharnaüm,gg_16,13.99
Capharnaüm,gg_7,Subscription
Capharnaüm,gg_13,Subscription
Full Metal Jacket,gg_17,3.99
Full Metal Jacket,gg_6,3.99
Full Metal Jacket,gg_16,3.99
Full Metal Jacket,gg_1,3.99
North By Northwest,gg_17,3.99
North By Northwest,gg_9,3.99
North By Northwest,gg_6,3.99
North By Northwest,gg_16,3.99
North By Northwest,gg_1,3.99
A Clockwork Orange,gg_17,1.99
A Clockwork Orange,gg_6,1.99
A Clockwork Orange,gg_1,1.99
A Clockwork Orange,gg_9,3.99
A Clockwork Orange,gg_16,3.99
Bicycle Thieves,gg_17,2.99
Bicycle Thieves,gg_6,2.99
Bicycle Thieves,gg_16,2.99
Bicycle Thieves,gg_1,2.99
Bicycle Thieves,gg_9,3.99
The Kid,gg_1,2.99
The Kid,gg_17,9.99
The Kid,gg_6,9.99
The Kid,gg_7,Subscription
The Kid,gg_13,Subscription
Snatch,gg_16,2.99
Snatch,gg_1,2.99
Snatch,gg_17,3.99
Snatch,gg_9,3.99
Snatch,gg_6,3.99
Snatch,gg_7,Subscription
Singin' In The Rain,gg_17,3.99
Singin' In The Rain,gg_6,3.99
Singin' In The Rain,gg_9,3.99
Singin' In The Rain,gg_16,3.99
Singin' In The Rain,gg_1,3.99
Scarface,gg_17,3.99
Scarface,gg_6,3.99
Scarface,gg_16,3.99
Scarface,gg_9,3.99
Scarface,gg_1,3.99
Scarface,gg_7,Subscription
Taxi Driver,gg_16,2.99
Taxi Driver,gg_1,2.99
Taxi Driver,gg_17,3.99
Taxi Driver,gg_9,3.99
Taxi Driver,gg_6,3.99
Taxi Driver,gg_10,Subscription
Amélie,gg_9,3.99
Amélie,gg_7,Subscription
Amélie,gg_1,Subscription
Lawrence Of Arabia,gg_16,2.99
Lawrence Of Arabia,gg_1,2.99
Lawrence Of Arabia,gg_17,3.99
Lawrence Of Arabia,gg_6,3.99
Lawrence Of Arabia,gg_9,3.99
The Sting,gg_17,3.99
The Sting,gg_9,3.99
The Sting,gg_6,3.99
The Sting,gg_16,3.99
The Sting,gg_1,3.99
Toy Story 3,gg_17,2.99
Toy Story 3,gg_9,2.99
Toy Story 3,gg_6,2.99
Toy Story 3,gg_1,2.99
Toy Story 3,gg_16,3.99
Toy Story 3,gg_4,Subscription
Metropolis,gg_17,2.99
Metropolis,gg_6,2.99
Metropolis,gg_1,2.99
Metropolis,gg_7,Subscription
Metropolis,gg_13,Subscription
Metropolis,gg_5,Subscription
Ikiru,gg_17,2.99
Ikiru,gg_6,2.99
Ikiru,gg_16,2.99
Ikiru,gg_1,2.99
Ikiru,gg_9,3.99
For A Few Dollars More,gg_1,0.99
For A Few Dollars More,gg_17,3.99
For A Few Dollars More,gg_9,3.99
For A Few Dollars More,gg_6,3.99
For A Few Dollars More,gg_16,3.99
For A Few Dollars More,gg_7,Subscription
A Separation,gg_16,2.99
A Separation,gg_1,2.99
A Separation,gg_17,3.99
A Separation,gg_9,3.99
A Separation,gg_6,3.99
Double Indemnity,gg_17,3.99
Double Indemnity,gg_9,3.99
Double Indemnity,gg_6,3.99
Double Indemnity,gg_16,3.99
Double Indemnity,gg_1,3.99
The Apartment,gg_1,0.99
The Apartment,gg_17,3.99
The Apartment,gg_9,3.99
The Apartment,gg_6,3.99
The Apartment,gg_16,3.99
Incendies,gg_16,2.99
Incendies,gg_1,2.99
Incendies,gg_17,3.99
Incendies,gg_9,3.99
Incendies,gg_6,3.99
To Kill A Mockingbird,gg_9,3.99
To Kill A Mockingbird,gg_16,9.99
To Kill A Mockingbird,gg_1,Subscription
Indiana Jones And The Last Crusade,gg_17,2.99
Indiana Jones And The Last Crusade,gg_6,2.99
Indiana Jones And The Last Crusade,gg_16,2.99
Indiana Jones And The Last Crusade,gg_1,2.99
Indiana Jones And The Last Crusade,gg_9,3.99
Indiana Jones And The Last Crusade,gg_10,Subscription
Up,gg_17,2.99
Up,gg_6,2.99
Up,gg_9,2.99
Up,gg_1,2.99
Up,gg_16,3.99
Up,gg_4,Subscription
Heat,gg_17,3.99
Heat,gg_9,3.99
Heat,gg_6,3.99
Heat,gg_16,3.99
Heat,gg_1,3.99
Monty Python And The Holy Grail,gg_9,3.99
Monty Python And The Holy Grail,gg_1,3.99
Monty Python And The Holy Grail,gg_17,12.99
Monty Python And The Holy Grail,gg_6,12.99
Monty Python And The Holy Grail,gg_10,Subscription
Die Hard,gg_17,3.99
Die Hard,gg_9,3.99
Die Hard,gg_16,3.99
Die Hard,gg_6,3.99
Die Hard,gg_1,3.99
Die Hard,gg_7,Subscription
Rashômon,gg_9,3.99
Rashômon,gg_1,3.99
Yojimbo,gg_9,3.99
Yojimbo,gg_1,3.99
Batman Begins,gg_17,3.99
Batman Begins,gg_6,3.99
Batman Begins,gg_9,3.99
Batman Begins,gg_16,3.99
Batman Begins,gg_1,3.99
Batman Begins,gg_7,Subscription
Come And See,gg_16,2.00
Green Book,gg_16,5.99
Green Book,gg_17,14.99
Green Book,gg_6,14.99
Green Book,gg_1,14.99
Green Book,gg_7,Subscription
Green Book,gg_12,Subscription
Children Of Heaven,gg_17,3.99
Children Of Heaven,gg_6,3.99
Children Of Heaven,gg_16,3.99
Children Of Heaven,gg_1,3.99
Downfall,gg_17,2.99
Downfall,gg_6,2.99
Downfall,gg_16,2.99
Downfall,gg_1,2.99
Unforgiven,gg_17,3.99
Unforgiven,gg_6,3.99
Unforgiven,gg_9,3.99
Unforgiven,gg_16,3.99
Unforgiven,gg_1,3.99
Some Like It Hot,gg_17,3.99
Some Like It Hot,gg_9,3.99
Some Like It Hot,gg_6,3.99
Some Like It Hot,gg_16,3.99
Ran,gg_17,3.99
Ran,gg_9,3.99
Ran,gg_6,3.99
Ran,gg_16,3.99
Howl'S Moving Castle,gg_17,11.99
Howl'S Moving Castle,gg_6,11.99
Howl'S Moving Castle,gg_16,11.99
Howl'S Moving Castle,gg_1,11.99
The Great Escape,gg_1,0.99
The Great Escape,gg_17,3.99
The Great Escape,gg_9,3.99
The Great Escape,gg_6,3.99
The Great Escape,gg_16,3.99
All About Eve,gg_17,3.99
All About Eve,gg_9,3.99
All About Eve,gg_6,3.99
All About Eve,gg_16,3.99
All About Eve,gg_1,3.99
A Beautiful Mind,gg_17,3.99
A Beautiful Mind,gg_6,3.99
A Beautiful Mind,gg_16,3.99
A Beautiful Mind,gg_9,3.99
A Beautiful Mind,gg_1,3.99
A Beautiful Mind,gg_7,Subscription
Casino,gg_17,3.99
Casino,gg_6,3.99
Casino,gg_9,3.99
Casino,gg_16,3.99
Casino,gg_1,3.99
Casino,gg_7,Subscription
Pan'S Labyrinth,gg_17,3.99
Pan'S Labyrinth,gg_6,3.99
Pan'S Labyrinth,gg_9,3.99
Pan'S Labyrinth,gg_16,3.99
Pan'S Labyrinth,gg_1,3.99
Pan'S Labyrinth,gg_10,Subscription
The Secret In Their Eyes,gg_9,3.99
The Secret In Their Eyes,gg_16,3.99
The Secret In Their Eyes,gg_1,3.99
The Secret In Their Eyes,gg_17,14.99
The Secret In Their Eyes,gg_6,14.99
The Secret In Their Eyes,gg_10,Subscription
My Neighbor Totoro,gg_17,11.99
My Neighbor Totoro,gg_6,11.99
My Neighbor Totoro,gg_16,11.99
My Neighbor Totoro,gg_1,11.99
The Wolf Of Wall Street,gg_17,2.99
The Wolf Of Wall Street,gg_6,2.99
The Wolf Of Wall Street,gg_16,2.99
The Wolf Of Wall Street,gg_1,2.99
The Wolf Of Wall Street,gg_9,3.99
The Wolf Of Wall Street,gg_7,Subscription
Raging Bull,gg_16,Free
Raging Bull,gg_1,0.99
Raging Bull,gg_17,3.99
Raging Bull,gg_9,3.99
Raging Bull,gg_6,3.99
Raging Bull,gg_2,Subscription
"Lock, Stock And Two Smoking Barrels",gg_17,3.99
"Lock, Stock And Two Smoking Barrels",gg_9,3.99
"Lock, Stock And Two Smoking Barrels",gg_6,3.99
"Lock, Stock And Two Smoking Barrels",gg_16,3.99
"Lock, Stock And Two Smoking Barrels",gg_1,3.99
The Treasure Of The Sierra Madre,gg_17,2.99
The Treasure Of The Sierra Madre,gg_6,2.99
The Treasure Of The Sierra Madre,gg_16,2.99
The Treasure Of The Sierra Madre,gg_1,2.99
The Treasure Of The Sierra Madre,gg_9,3.99
The Treasure Of The Sierra Madre,gg_7,Subscription
There Will Be Blood,gg_17,1.99
There Will Be Blood,gg_6,2.99
There Will Be Blood,gg_16,2.99
There Will Be Blood,gg_1,2.99
There Will Be Blood,gg_9,3.99
There Will Be Blood,gg_10,Subscription
"Three Billboards Outside Ebbing, Missouri",gg_17,3.99
"Three Billboards Outside Ebbing, Missouri",gg_6,3.99
"Three Billboards Outside Ebbing, Missouri",gg_16,3.99
"Three Billboards Outside Ebbing, Missouri",gg_1,3.99
"Three Billboards Outside Ebbing, Missouri",gg_7,Subscription
"Three Billboards Outside Ebbing, Missouri",gg_13,Subscription
The Gold Rush,gg_1,3.99
Chinatown,gg_17,2.99
Chinatown,gg_6,2.99
Chinatown,gg_16,2.99
Chinatown,gg_1,2.99
Chinatown,gg_9,3.99
Chinatown,gg_7,Subscription
Dial M For Murder,gg_15,Free
Dial M For Murder,gg_17,3.99
Dial M For Murder,gg_9,3.99
Dial M For Murder,gg_6,3.99
Dial M For Murder,gg_16,3.99
Dial M For Murder,gg_1,3.99
V For Vendetta,gg_17,3.99
V For Vendetta,gg_16,3.99
V For Vendetta,gg_6,3.99
V For Vendetta,gg_9,3.99
V For Vendetta,gg_1,3.99
The Seventh Seal,gg_17,2.99
The Seventh Seal,gg_6,2.99
The Seventh Seal,gg_16,2.99
The Seventh Seal,gg_1,2.99
The Seventh Seal,gg_9,3.99
No Country For Old Men,gg_17,3.99
No Country For Old Men,gg_6,3.99
No Country For Old Men,gg_16,3.99
No Country For Old Men,gg_9,3.99
No Country For Old Men,gg_1,3.99
No Country For Old Men,gg_7,Subscription
Inside Out,gg_17,2.99
Inside Out,gg_6,2.99
Inside Out,gg_9,2.99
Inside Out,gg_1,2.99
Inside Out,gg_16,3.99
Inside Out,gg_4,Subscription
Warrior,gg_17,3.99
Warrior,gg_9,3.99
Warrior,gg_6,3.99
Warrior,gg_16,3.99
Warrior,gg_1,3.99
Warrior,gg_7,Subscription
Shutter Island,gg_17,2.99
Shutter Island,gg_6,2.99
Shutter Island,gg_16,2.99
Shutter Island,gg_1,2.99
Shutter Island,gg_9,3.99
Shutter Island,gg_7,Subscription
Trainspotting,gg_17,3.99
Trainspotting,gg_6,3.99
Trainspotting,gg_9,3.99
The Elephant Man,gg_17,2.99
The Elephant Man,gg_6,2.99
The Elephant Man,gg_16,2.99
The Elephant Man,gg_1,2.99
The Elephant Man,gg_9,3.99
The Sixth Sense,gg_17,2.99
The Sixth Sense,gg_6,2.99
The Sixth Sense,gg_9,2.99
The Sixth Sense,gg_1,2.99
The Sixth Sense,gg_16,3.99
The Sixth Sense,gg_7,Subscription
The Thing,gg_17,3.99
The Thing,gg_9,3.99
The Thing,gg_6,3.99
The Thing,gg_16,3.99
The Thing,gg_1,3.99
The Thing,gg_7,Subscription
Gone With The Wind,gg_17,3.99
Gone With The Wind,gg_16,3.99
Gone With The Wind,gg_6,3.99
Gone With The Wind,gg_9,3.99
Gone With The Wind,gg_1,3.99
Room,gg_1,0.99
Room,gg_16,2.99
Room,gg_17,3.99
Room,gg_6,3.99
Room,gg_9,3.99
Room,gg_10,Subscription
Jurassic Park,gg_17,3.99
Jurassic Park,gg_16,3.99
Jurassic Park,gg_9,3.99
Jurassic Park,gg_6,3.99
Wild Strawberries,gg_9,3.99
Wild Strawberries,gg_1,3.99
Blade Runner,gg_17,3.99
Blade Runner,gg_9,3.99
Blade Runner,gg_16,3.99
Blade Runner,gg_6,3.99
Blade Runner,gg_1,3.99
The Bridge On The River Kwai,gg_16,1.99
The Bridge On The River Kwai,gg_1,2.99
The Bridge On The River Kwai,gg_17,3.99
The Bridge On The River Kwai,gg_9,3.99
The Bridge On The River Kwai,gg_6,3.99
Finding Nemo,gg_17,2.99
Finding Nemo,gg_6,2.99
Finding Nemo,gg_9,2.99
Finding Nemo,gg_1,2.99
Finding Nemo,gg_16,3.99
Finding Nemo,gg_4,Subscription
Stalker,gg_17,2.99
Stalker,gg_6,2.99
Stalker,gg_16,2.99
Stalker,gg_1,2.99
Stalker,gg_9,3.99
On The Waterfront,gg_16,1.99
On The Waterfront,gg_1,2.99
On The Waterfront,gg_17,3.99
On The Waterfront,gg_9,3.99
On The Waterfront,gg_6,3.99
The Third Man,gg_17,3.99
The Third Man,gg_9,3.99
The Third Man,gg_6,3.99
The Third Man,gg_16,3.99
The Third Man,gg_1,3.99
The Third Man,gg_7,Subscription
Fargo,gg_17,3.99
Fargo,gg_9,3.99
Fargo,gg_6,3.99
Fargo,gg_16,3.99
Fargo,gg_1,3.99
Fargo,gg_7,Subscription
Kill Bill: Vol,gg_17,3.99
Kill Bill: Vol,gg_16,3.99
Kill Bill: Vol,gg_6,3.99
Kill Bill: Vol,gg_1,3.99
Kill Bill: Vol,gg_7,Subscription
Kill Bill: Vol,gg_13,Subscription
The Truman Show,gg_17,2.99
The Truman Show,gg_6,2.99
The Truman Show,gg_16,2.99
The Truman Show,gg_1,2.99
The Truman Show,gg_9,3.99
The Truman Show,gg_7,Subscription
Gran Torino,gg_17,3.99
Gran Torino,gg_16,3.99
Gran Torino,gg_6,3.99
Gran Torino,gg_9,3.99
Gran Torino,gg_1,3.99
Gran Torino,gg_2,Subscription
Tokyo Story,gg_17,2.99
Tokyo Story,gg_6,2.99
Tokyo Story,gg_16,2.99
Tokyo Story,gg_1,2.99
Tokyo Story,gg_9,3.99
The Deer Hunter,gg_17,3.99
The Deer Hunter,gg_9,3.99
The Deer Hunter,gg_6,3.99
The Deer Hunter,gg_16,3.99
The Deer Hunter,gg_1,3.99
Memories Of Murder,gg_9,3.99
Relatos Salvajes,gg_17,3.99
Relatos Salvajes,gg_6,3.99
Relatos Salvajes,gg_1,3.99
Klaus,gg_10,Subscription
The Bandit,gg_17,3.99
The Bandit,gg_6,3.99
The Bandit,gg_9,3.99
The Bandit,gg_16,3.99
The Bandit,gg_1,3.99
The Bandit,gg_13,Subscription
Andhadhun,gg_17,3.99
Andhadhun,gg_6,3.99
Andhadhun,gg_1,3.99
Andhadhun,gg_10,Subscription
Mary And Max,gg_17,2.99
Mary And Max,gg_6,2.99
Mary And Max,gg_1,2.99
Mary And Max,gg_9,3.99
The Big Lebowski,gg_17,3.99
The Big Lebowski,gg_9,3.99
The Big Lebowski,gg_16,3.99
The Big Lebowski,gg_6,3.99
The Big Lebowski,gg_1,3.99
The Big Lebowski,gg_7,Subscription
In The Name Of The Father,gg_17,3.99
In The Name Of The Father,gg_9,3.99
In The Name Of The Father,gg_6,3.99
In The Name Of The Father,gg_16,3.99
In The Name Of The Father,gg_1,3.99
Gone Girl,gg_17,3.99
Gone Girl,gg_6,3.99
Gone Girl,gg_9,3.99
Gone Girl,gg_16,3.99
Gone Girl,gg_1,3.99
Gone Girl,gg_7,Subscription
Hacksaw Ridge,gg_6,3.99
Hacksaw Ridge,gg_17,3.99
Hacksaw Ridge,gg_16,3.99
Hacksaw Ridge,gg_1,3.99
Hacksaw Ridge,gg_9,14.99
The Grand Budapest Hotel,gg_17,3.99
The Grand Budapest Hotel,gg_6,3.99
The Grand Budapest Hotel,gg_16,3.99
The Grand Budapest Hotel,gg_1,3.99
The Grand Budapest Hotel,gg_9,14.99
To Be Or Not To Be,gg_7,Subscription
To Be Or Not To Be,gg_13,Subscription
To Be Or Not To Be,gg_14,Subscription
To Be Or Not To Be,gg_2,Subscription
To Be Or Not To Be,gg_1,Subscription
Ford V Ferrari,gg_17,5.99
Ford V Ferrari,gg_6,5.99
Ford V Ferrari,gg_16,5.99
Ford V Ferrari,gg_1,5.99
Persona,gg_9,3.99
Persona,gg_1,3.99
Before Sunrise,gg_17,2.99
Before Sunrise,gg_6,2.99
Before Sunrise,gg_9,2.99
Before Sunrise,gg_16,2.99
Before Sunrise,gg_1,2.99
Catch Me If You Can,gg_17,2.99
Catch Me If You Can,gg_6,2.99
Catch Me If You Can,gg_16,2.99
Catch Me If You Can,gg_1,2.99
Catch Me If You Can,gg_9,3.99
How To Train Your Dragon,gg_17,3.99
How To Train Your Dragon,gg_6,3.99
How To Train Your Dragon,gg_9,3.99
How To Train Your Dragon,gg_16,3.99
How To Train Your Dragon,gg_1,3.99
How To Train Your Dragon,gg_13,Subscription
The General,gg_17,3.99
The General,gg_6,3.99
The General,gg_16,3.99
The General,gg_1,3.99
The General,gg_13,Subscription
Mr,gg_17,3.99
Mr,gg_9,3.99
Mr,gg_6,3.99
Mr,gg_16,3.99
Mr,gg_1,3.99
Mr,gg_10,Subscription
Sherlock Jr,gg_17,3.99
Sherlock Jr,gg_6,3.99
Sherlock Jr,gg_16,3.99
Sherlock Jr,gg_1,3.99
Prisoners,gg_17,1.99
Prisoners,gg_6,1.99
Prisoners,gg_1,1.99
Prisoners,gg_16,2.99
Prisoners,gg_9,5.99
Prisoners,gg_7,Subscription
12 Years A Slave,gg_17,3.99
12 Years A Slave,gg_6,3.99
12 Years A Slave,gg_9,3.99
12 Years A Slave,gg_16,3.99
12 Years A Slave,gg_1,3.99
Cool Hand Luke,gg_17,3.99
Cool Hand Luke,gg_9,3.99
Cool Hand Luke,gg_6,3.99
Cool Hand Luke,gg_16,3.99
Cool Hand Luke,gg_1,3.99
Mad Max: Fury Road,gg_17,3.99
Mad Max: Fury Road,gg_9,3.99
Mad Max: Fury Road,gg_6,3.99
Mad Max: Fury Road,gg_16,3.99
Barry Lyndon,gg_17,3.99
Barry Lyndon,gg_9,3.99
Barry Lyndon,gg_6,3.99
Barry Lyndon,gg_16,3.99
Barry Lyndon,gg_1,3.99
Network,gg_17,3.99
Network,gg_6,3.99
Network,gg_9,3.99
Network,gg_16,3.99
Network,gg_1,3.99
Network,gg_7,Subscription
The Wages Of Fear,gg_9,3.99
The Wages Of Fear,gg_1,3.99
Stand By Me,gg_16,2.99
Stand By Me,gg_1,2.99
Stand By Me,gg_9,3.99
Stand By Me,gg_17,12.99
Stand By Me,gg_6,12.99
Into The Wild,gg_17,2.99
Into The Wild,gg_6,2.99
Into The Wild,gg_16,2.99
Into The Wild,gg_1,2.99
Into The Wild,gg_9,3.99
Into The Wild,gg_7,Subscription
Million Dollar Baby,gg_17,3.99
Million Dollar Baby,gg_6,3.99
Million Dollar Baby,gg_9,3.99
Million Dollar Baby,gg_16,3.99
Million Dollar Baby,gg_1,3.99
Monty Python'S Life Of Brian,gg_9,3.99
Monty Python'S Life Of Brian,gg_1,3.99
Monty Python'S Life Of Brian,gg_17,12.99
Monty Python'S Life Of Brian,gg_6,12.99
Monty Python'S Life Of Brian,gg_10,Subscription
Hachi: A Dog'S Tale,gg_16,2.99
Hachi: A Dog'S Tale,gg_1,2.99
Hachi: A Dog'S Tale,gg_17,3.99
Hachi: A Dog'S Tale,gg_6,3.99
Hachi: A Dog'S Tale,gg_9,3.99
Platoon,gg_17,3.99
Platoon,gg_6,3.99
Platoon,gg_9,3.99
Platoon,gg_16,3.99
Platoon,gg_1,3.99
Platoon,gg_7,Subscription
Ben-Hur,gg_17,3.99
Ben-Hur,gg_6,3.99
Ben-Hur,gg_9,3.99
Ben-Hur,gg_16,3.99
Ben-Hur,gg_1,3.99
Rush,gg_17,3.99
Rush,gg_6,3.99
Rush,gg_9,3.99
Rush,gg_16,3.99
Rush,gg_1,3.99
Rush,gg_7,Subscription
The Passion Of Joan Of Arc,gg_1,3.99
Logan,gg_17,3.99
Logan,gg_6,3.99
Logan,gg_16,3.99
Logan,gg_1,3.99
Logan,gg_9,14.99
Logan,gg_7,Subscription
Dead Poets Society,gg_16,Free
Dead Poets Society,gg_17,2.99
Dead Poets Society,gg_6,2.99
Dead Poets Society,gg_9,2.99
Dead Poets Society,gg_1,2.99
Harry Potter And The Deathly Hallows Part 2,gg_17,3.99
Harry Potter And The Deathly Hallows Part 2,gg_6,3.99
Harry Potter And The Deathly Hallows Part 2,gg_16,3.99
Harry Potter And The Deathly Hallows Part 2,gg_1,3.99
Harry Potter And The Deathly Hallows Part 2,gg_9,5.99
Harry Potter And The Deathly Hallows Part 2,gg_13,Subscription
Andrei Rublev,gg_1,0.99
The 400 Blows,gg_17,2.99
The 400 Blows,gg_6,2.99
The 400 Blows,gg_16,2.99
The 400 Blows,gg_9,3.99
The 400 Blows,gg_1,3.99
Hotel Rwanda,gg_1,0.99
Hotel Rwanda,gg_17,3.99
Hotel Rwanda,gg_9,3.99
Hotel Rwanda,gg_6,3.99
Hotel Rwanda,gg_7,Subscription
Hotel Rwanda,gg_14,Subscription
Amores Perros,gg_15,Free
Amores Perros,gg_16,Free
Amores Perros,gg_17,3.99
Amores Perros,gg_6,3.99
Amores Perros,gg_9,3.99
Amores Perros,gg_1,3.99
Rang De Basanti,gg_10,Subscription
The Handmaiden,gg_16,2.99
The Handmaiden,gg_9,3.99
The Handmaiden,gg_1,Subscription
Spotlight,gg_17,3.99
Spotlight,gg_9,3.99
Spotlight,gg_6,3.99
Spotlight,gg_16,3.99
Spotlight,gg_1,3.99
Nausicaä Of The Valley Of The Wind,gg_17,11.99
Nausicaä Of The Valley Of The Wind,gg_6,11.99
Nausicaä Of The Valley Of The Wind,gg_16,11.99
Nausicaä Of The Valley Of The Wind,gg_1,11.99
Portrait Of A Lady On Fire,gg_17,1.99
Portrait Of A Lady On Fire,gg_6,1.99
Portrait Of A Lady On Fire,gg_1,1.99
Portrait Of A Lady On Fire,gg_7,Subscription
Rocky,gg_1,0.99
Rocky,gg_17,3.99
Rocky,gg_9,3.99
Rocky,gg_6,3.99
Rocky,gg_16,3.99
Monsters Inc,gg_17,2.99
Monsters Inc,gg_6,2.99
Monsters Inc,gg_9,2.99
Monsters Inc,gg_1,2.99
Monsters Inc,gg_16,3.99
Monsters Inc,gg_4,Subscription
La Haine,gg_9,3.99
La Haine,gg_1,3.99
It Happened One Night,gg_16,0.99
It Happened One Night,gg_1,2.99
It Happened One Night,gg_17,3.99
It Happened One Night,gg_9,3.99
It Happened One Night,gg_6,3.99
Gangs Of Wasseypur,gg_17,2.99
Gangs Of Wasseypur,gg_6,2.99
Gangs Of Wasseypur,gg_9,3.99
Gangs Of Wasseypur,gg_1,3.99
Before Sunset,gg_17,2.99
Before Sunset,gg_6,2.99
Before Sunset,gg_16,2.99
Before Sunset,gg_1,2.99
Before Sunset,gg_9,3.99
The Princess Bride,gg_1,3.99
The Princess Bride,gg_17,12.99
The Princess Bride,gg_6,12.99
The Princess Bride,gg_16,14.99
The Princess Bride,gg_9,14.99
The Princess Bride,gg_11,Subscription
The Help,gg_17,2.99
The Help,gg_6,2.99
The Help,gg_9,2.99
The Help,gg_1,2.99
The Help,gg_16,3.99
Paris Texas,gg_9,3.99
Paris Texas,gg_1,3.99
The Invisible Guest,gg_10,Subscription
Drishyam,gg_17,2.99
Drishyam,gg_6,2.99
Drishyam,gg_1,2.99
Drishyam,gg_9,4.99
The Terminator,gg_17,3.99
The Terminator,gg_6,3.99
The Terminator,gg_9,3.99
The Terminator,gg_16,3.99
The Terminator,gg_1,3.99
Ace In The Hole,gg_17,2.99
Ace In The Hole,gg_6,2.99
Ace In The Hole,gg_1,3.99
Kis Uykusu,gg_16,2.99
Kis Uykusu,gg_17,3.99
Kis Uykusu,gg_9,3.99
Kis Uykusu,gg_6,3.99
Kis Uykusu,gg_1,3.99
Lagaan Once Upon A Time In India,gg_10,Subscription
Lagaan Once Upon A Time In India,gg_13,Subscription
Butch Cassidy And The Sundance Kid,gg_17,2.99
Butch Cassidy And The Sundance Kid,gg_9,2.99
Butch Cassidy And The Sundance Kid,gg_6,2.99
Butch Cassidy And The Sundance Kid,gg_16,3.99
Butch Cassidy And The Sundance Kid,gg_1,3.99
Butch Cassidy And The Sundance Kid,gg_7,Subscription
Aladdin,gg_17,2.99
Aladdin,gg_6,2.99
Aladdin,gg_1,2.99
Aladdin,gg_16,3.99
Aladdin,gg_4,Subscription
Akira,gg_15,Free
Akira,gg_16,2.99
Akira,gg_9,5.99
Akira,gg_7,Subscription
Throne Of Blood,gg_9,3.99
Throne Of Blood,gg_1,3.99
